Event,Track,Material,StepLength(mm),Edep(MeV),PreE(MeV),PostE(MeV),PreZ(mm),PostZ(mm),Transmission
0,1,G4_AIR,90.063,0.0141488,1198.53,1198.52,1500,1461.56,1
0,1,G4_AIR,16.442,0.00165393,1198.52,1198.52,1461.56,1454.55,1
0,1,G4_AIR,73.3494,0.0104057,1198.52,1198.5,1454.55,1423.24,1
0,1,G4_AIR,95.9402,0.0136817,1198.5,1198.49,1423.24,1382.29,1
0,1,G4_AIR,27.6936,0.00393317,1198.49,1198.48,1382.29,1370.47,1
0,1,G4_AIR,115.155,0.0179005,1198.48,1198.46,1370.47,1321.32,1
0,1,G4_AIR,33.1407,0.00516971,1198.46,1198.45,1321.32,1307.18,1
0,1,G4_AIR,169.321,0.0236413,1198.45,1198.42,1307.18,1234.91,1
0,1,G4_AIR,46.7617,0.00655221,1198.42,1198.41,1234.91,1214.94,1
0,1,G4_AIR,39.2516,0.00699727,1198.41,1198.03,1214.94,1198.19,1
0,1,G4_AIR,174.923,0.0215538,1198.03,1198,1198.19,1123.53,1
0,1,G4_AIR,177.727,0.0304597,1198,1197.97,1123.53,1047.67,1
0,1,G4_AIR,46.7418,0.00533601,1197.97,1197.97,1047.67,1027.72,1
0,1,G4_AIR,5.21401,0.00229021,1197.97,1197.95,1027.72,1025.5,1
0,1,G4_AIR,31.1593,0.00432961,1197.95,1197.95,1025.5,1012.2,1
0,1,G4_AIR,26.4318,0.00341884,1197.95,1197.94,1012.2,1000.91,1
0,1,G4_AIR,167.804,0.0257267,1197.94,1197.91,1000.91,929.285,1
0,1,G4_AIR,2.60045,0.0008362,1197.91,1197.9,929.285,928.175,1
0,1,G4_AIR,120.039,0.0152132,1197.9,1197.89,928.175,876.943,1
0,1,G4_AIR,5.45684,0.000579798,1197.89,1197.89,876.943,874.614,1
0,1,G4_AIR,161.47,0.0216876,1197.89,1197.86,874.614,805.699,1
0,1,G4_AIR,35.7347,0.0042564,1197.86,1197.85,805.699,790.444,1
0,1,G4_AIR,30.0377,0.00383836,1197.85,1197.85,790.444,777.621,1
0,1,G4_AIR,45.5671,0.00834924,1197.85,1197.84,777.621,758.169,1
0,1,G4_AIR,135.984,0.0204708,1197.84,1197.8,758.169,700.115,1
0,1,G4_AIR,2.08462,2.76914e-05,1197.8,1197.8,700.115,699.224,1
0,1,G4_AIR,75.8518,0.0114892,1197.8,1197.79,699.224,666.815,1
0,1,G4_AIR,58.2604,0.010555,1197.79,1197.77,666.815,641.916,1
0,1,G4_AIR,224.853,0.0313311,1197.77,1197.74,641.916,545.795,1
0,1,G4_AIR,5.45269,0.00121005,1197.74,1197.73,545.795,543.465,1
0,1,G4_AIR,23.2979,0.00446241,1197.73,1197.72,543.465,533.506,1
0,1,G4_AIR,23.8274,0.00321679,1197.72,1197.72,533.506,523.323,1
0,1,G4_AIR,104.914,0.014129,1197.72,1197.7,523.323,478.491,1
0,1,G4_AIR,165.815,0.0259785,1197.7,1197.66,478.491,407.627,1
0,1,G4_AIR,151.796,0.0250789,1197.66,1197.63,407.627,342.754,1
0,1,G4_AIR,3.29131,0.000305535,1197.63,1197.61,342.754,341.347,1
0,1,G4_AIR,118.572,0.0156048,1197.61,1197.48,341.347,290.662,1
0,1,G4_AIR,8.76168,0.00131274,1197.48,1197.48,290.662,286.919,1
0,1,G4_AIR,7.86705,0.00228094,1197.48,1197.3,286.919,283.557,1
0,1,G4_AIR,84.222,0.0108472,1197.3,1197.29,283.557,247.563,1
0,1,G4_AIR,66.078,0.010366,1197.29,1197.28,247.563,219.311,1
0,1,G4_AIR,6.17587,0.000430701,1197.28,1197.27,219.311,216.67,1
0,1,G4_AIR,432.043,0.0570506,1197.27,1197.21,216.67,31.933,1
0,1,G4_AIR,62.1908,0.00996424,1197.21,1197.2,31.933,5.34523,0
0,44,G4_AIR,0.201431,0.00229273,0.00229273,0,31.933,31.9036,0
0,43,G4_AIR,0.0637942,0.00108114,0.00108114,0,216.67,216.671,0
0,42,G4_AIR,0.114157,0.00159819,0.00159819,0,219.311,219.291,0
0,41,G4_AIR,0.0932478,0.00139856,0.00139856,0,247.563,247.57,0
0,40,G4_AIR,42.5803,0.0104422,0.176261,0.163463,283.557,278.641,1
0,40,G4_AIR,6.55912,0.00105001,0.163463,0.160496,278.641,276.738,1
0,40,G4_AIR,46.7473,0.0113392,0.160496,0.14384,276.738,267.929,1
0,40,G4_AIR,15.3045,0.00642351,0.14384,0.13596,267.929,271.042,1
0,40,G4_AIR,60.8951,0.0194073,0.13596,0.116553,271.042,294.166,1
0,40,G4_AIR,47.1051,0.0142024,0.116553,0.102351,294.166,312.292,1
0,40,G4_AIR,10.0262,0.00488398,0.102351,0.0952495,312.292,312.169,1
0,40,G4_AIR,13.5509,0.0049466,0.0952495,0.0891114,312.169,317.531,1
0,40,G4_AIR,0.327409,0.000151816,0.0891114,0.0879057,317.531,317.673,1
0,40,G4_AIR,0.661978,0.00018938,0.0879057,0.0877164,317.673,317.866,1
0,40,G4_AIR,15.8446,0.0060541,0.0877164,0.0796862,317.866,322.031,1
0,40,G4_AIR,24.9651,0.0129449,0.0796862,0.0667413,322.031,337.082,1
0,40,G4_AIR,18.1858,0.00836672,0.0667413,0.0546351,337.082,350.778,1
0,40,G4_AIR,3.90624,0.00246703,0.0546351,0.0431727,350.778,354.409,1
0,40,G4_AIR,6.32916,0.0039157,0.0431727,0.0298197,354.409,359.568,1
0,40,G4_AIR,5.51232,0.00407721,0.0298197,0.0257425,359.568,362.491,1
0,40,G4_AIR,4.56637,0.00400228,0.0257425,0.0217402,362.491,365.107,1
0,40,G4_AIR,3.7422,0.0026908,0.0217402,0.0190494,365.107,366.178,1
0,40,G4_AIR,3.24548,0.0043977,0.0190494,0.0146517,366.178,366.729,1
0,40,G4_AIR,2.52457,0.00298844,0.0146517,0.0116633,366.729,368.493,1
0,40,G4_AIR,1.13493,0.00228413,0.0116633,0.00824923,368.493,369.315,1
0,40,G4_AIR,1.5513,0.00610336,0.00824923,0.00214586,369.315,370.005,1
0,40,G4_AIR,0.181043,0.00214586,0.00214586,0,370.005,369.969,0
0,56,G4_AIR,0.0680021,0.0011299,0.0011299,0,369.315,369.315,0
0,55,G4_AIR,1.74752,0.00497662,0.00943731,0.00446069,359.568,360.292,1
0,55,G4_AIR,0.626343,0.00446069,0.00446069,0,360.292,360.541,0
0,54,G4_AIR,1.67709,0.00305351,0.00899535,0.00594184,354.409,354.758,1
0,54,G4_AIR,0.450289,0.00228415,0.00594184,0.00253292,354.758,354.912,1
0,54,G4_AIR,0.237102,0.00253292,0.00253292,0,354.912,354.837,0
0,57,G4_AIR,0.0675543,0.00112477,0.00112477,0,354.912,354.918,0
0,53,G4_AIR,0.460347,0.00373951,0.00373951,0,350.778,350.775,0
0,52,G4_AIR,0.158785,0.00197608,0.00197608,0,322.031,322.021,0
0,51,G4_AIR,0.0614878,0.00105381,0.00105381,0,317.673,317.694,0
0,50,G4_AIR,0.0734855,0.00119148,0.00119148,0,317.531,317.511,0
0,49,G4_AIR,0.190801,0.00221711,0.00221711,0,312.169,312.115,0
0,48,G4_AIR,0.0990684,0.0014559,0.0014559,0,271.042,271.02,0
0,47,G4_AIR,0.854242,0.00531703,0.00531703,0,267.929,268.271,0
0,46,G4_AIR,0.151319,0.00191663,0.00191663,0,276.738,276.718,0
0,45,G4_AIR,0.210596,0.00235635,0.00235635,0,278.641,278.722,0
0,39,G4_AIR,0.285506,0.00283105,0.00283105,0,286.919,286.949,0
0,38,G4_AIR,10.9533,0.00322092,0.108649,0.105428,290.662,280.837,1
0,38,G4_AIR,5.18517,0.00157691,0.105428,0.10251,280.837,278.01,1
0,38,G4_AIR,38.0057,0.0108174,0.10251,0.091693,278.01,253.42,1
0,38,G4_AIR,26.4522,0.0163096,0.091693,0.0742438,253.42,261.584,1
0,38,G4_AIR,22.2038,0.0102118,0.0742438,0.064032,261.584,265.509,1
0,38,G4_AIR,17.4135,0.0079357,0.064032,0.0560963,265.509,265.095,1
0,38,G4_AIR,14.0615,0.0112599,0.0560963,0.0448364,265.095,261.147,1
0,38,G4_AIR,7.81177,0.00667571,0.0448364,0.0368438,261.147,256.802,1
0,38,G4_AIR,1.48657,0.000586291,0.0368438,0.0305471,256.802,255.688,1
0,38,G4_AIR,5.69231,0.00480054,0.0305471,0.0257465,255.688,252.023,1
0,38,G4_AIR,4.56726,0.00499184,0.0257465,0.0207547,252.023,248.808,1
0,38,G4_AIR,3.55502,0.00801407,0.0207547,0.0127406,248.808,247.967,1
0,38,G4_AIR,2.23856,0.00317219,0.0127406,0.00956842,247.967,247.859,1
0,38,G4_AIR,1.76799,0.00257777,0.00956842,0.00699066,247.859,247.231,1
0,38,G4_AIR,1.3057,0.00543075,0.00699066,0.0015599,247.231,247.212,1
0,38,G4_AIR,0.110006,0.0015599,0.0015599,0,247.212,247.251,0
0,61,G4_AIR,0.970211,0.00571049,0.00571049,0,255.688,255.541,0
0,60,G4_AIR,0.0852144,0.00131688,0.00131688,0,256.802,256.823,0
0,59,G4_AIR,0.0688521,0.00113958,0.00113958,0,261.584,261.598,0
0,58,G4_AIR,0.0875163,0.0013406,0.0013406,0,278.01,278.032,0
0,37,G4_AIR,3.66798,0.00337848,0.0213533,0.0179748,341.347,342.711,1
0,37,G4_AIR,1.66818,0.00291493,0.0179748,0.00954692,342.711,343.946,1
0,37,G4_AIR,1.76465,0.00461992,0.00954692,0.004927,343.946,344.785,1
0,37,G4_AIR,0.746275,0.004927,0.004927,0,344.785,344.656,0
0,62,G4_AIR,0.911111,0.00551296,0.00551296,0,343.946,343.915,0
0,36,G4_AIR,0.33806,0.00312698,0.00312698,0,342.754,342.7,0
0,35,G4_AIR,2.59211,0.00443581,0.0150907,0.0106549,407.627,407.137,1
0,35,G4_AIR,1.93244,0.00565493,0.0106549,0.00499994,407.137,406.471,1
0,35,G4_AIR,0.765933,0.00499994,0.00499994,0,406.471,406.361,0
0,34,G4_AIR,0.572509,0.00423774,0.00423774,0,478.491,478.434,0
0,33,G4_AIR,0.079481,0.00125658,0.00125658,0,523.323,523.342,0
0,32,G4_AIR,0.0805148,0.00126758,0.00126758,0,533.506,533.478,0
0,31,G4_AIR,2.2056,0.00361107,0.0125163,0.0089052,543.465,544.475,1
0,31,G4_AIR,1.6624,0.00505898,0.0089052,0.00384621,544.475,545.021,1
0,31,G4_AIR,0.483424,0.00384621,0.00384621,0,545.021,545.088,0
0,30,G4_AIR,0.179354,0.00213335,0.00213335,0,545.795,545.738,0
0,29,G4_AIR,0.0619222,0.001059,0.001059,0,641.916,641.914,0
0,28,G4_AIR,0.151752,0.00192011,0.00192011,0,666.815,666.759,0
0,27,G4_AIR,0.0704081,0.00115718,0.00115718,0,699.224,699.226,0
0,26,G4_AIR,2.23897,0.00396514,0.0192919,0.0128311,700.115,700.794,1
0,26,G4_AIR,2.25187,0.00511202,0.0128311,0.00771904,700.794,701.239,1
0,26,G4_AIR,1.45436,0.00503166,0.00771904,0.00268739,701.239,701.841,1
0,26,G4_AIR,0.261603,0.00268739,0.00268739,0,701.841,701.901,0
0,63,G4_AIR,0.231386,0.00249573,0.00249573,0,700.794,700.881,0
0,25,G4_AIR,0.133012,0.00176482,0.00176482,0,758.169,758.211,0
0,24,G4_AIR,0.09083,0.0013743,0.0013743,0,777.621,777.602,0
0,23,G4_AIR,0.273712,0.00276097,0.00276097,0,790.444,790.54,0
0,22,G4_AIR,0.261972,0.00268966,0.00268966,0,805.699,805.787,0
0,21,G4_AIR,0.0644091,0.00108835,0.00108835,0,874.614,874.61,0
0,20,G4_AIR,0.0911672,0.0013777,0.0013777,0,876.943,876.947,0
0,19,G4_AIR,0.15332,0.00193269,0.00193269,0,928.175,928.229,0
0,18,G4_AIR,0.697237,0.00130791,0.00889948,0.00640865,929.285,929.65,1
0,18,G4_AIR,1.1681,0.00640865,0.00640865,0,929.65,929.792,0
0,64,G4_AIR,0.0727115,0.00118291,0.00118291,0,929.65,929.663,0
0,17,G4_AIR,0.140866,0.00183105,0.00183105,0,1000.91,1000.96,0
0,16,G4_AIR,0.234676,0.0025172,0.0025172,0,1012.2,1012.25,0
0,15,G4_AIR,0.265536,0.000234506,0.00931747,0.00790288,1025.5,1025.39,1
0,15,G4_AIR,0.657932,0.000838996,0.00790288,0.00468743,1025.39,1025.42,1
0,15,G4_AIR,0.683419,0.00468743,0.00468743,0,1025.42,1025.36,0
0,66,G4_AIR,0.213533,0.00237645,0.00237645,0,1025.42,1025.4,0
0,65,G4_AIR,0.0724567,0.00118008,0.00118008,0,1025.39,1025.36,0
0,14,G4_AIR,0.0581038,0.00101288,0.00101288,0,1027.72,1027.74,0
0,13,G4_AIR,0.0577152,0.00100811,0.00100811,0,1047.67,1047.67,0
0,12,G4_AIR,0.143787,0.00185525,0.00185525,0,1123.53,1123.51,0
0,11,G4_AIR,65.4817,0.0133385,0.380439,0.365247,1198.19,1190.03,1
0,11,G4_AIR,50.8843,0.0118077,0.365247,0.342075,1190.03,1175.54,1
0,11,G4_AIR,113.068,0.0170543,0.342075,0.318074,1175.54,1127.77,1
0,11,G4_AIR,1.51494,0.000308093,0.318074,0.317766,1127.77,1127.59,1
0,11,G4_AIR,22.147,0.00250121,0.317766,0.313644,1127.59,1126.98,1
0,11,G4_AIR,196.198,0.0295515,0.313644,0.282766,1126.98,1044.07,1
0,11,G4_AIR,198.951,0.0357607,0.282766,0.247005,1044.07,912.007,1
0,11,G4_AIR,3.73282,0.000288441,0.247005,0.245674,912.007,909.351,1
0,11,G4_AIR,30.3681,0.00671175,0.245674,0.237955,909.351,885.127,1
0,11,G4_AIR,110.677,0.0227844,0.237955,0.213353,885.127,805.618,1
0,11,G4_AIR,0.0936817,0,0.213353,0.213353,805.618,805.536,1
0,11,G4_AIR,3.80043,0.000851449,0.213353,0.210848,805.536,802.103,1
0,11,G4_AIR,22.7603,0.00429301,0.210848,0.206555,802.103,784.245,1
0,11,G4_AIR,52.4293,0.0102432,0.206555,0.19488,784.245,737.508,1
0,11,G4_AIR,103.424,0.0204098,0.19488,0.171624,737.508,648.08,1
0,11,G4_AIR,1.08687,0.000228708,0.171624,0.170058,648.08,647.033,1
0,11,G4_AIR,88.1336,0.021605,0.170058,0.148453,647.033,575.67,1
0,11,G4_AIR,23.2602,0.00346167,0.148453,0.142316,575.67,554.385,1
0,11,G4_AIR,65.695,0.0149415,0.142316,0.127375,554.385,500.64,1
0,11,G4_AIR,54.629,0.0176474,0.127375,0.109727,500.64,469.566,1
0,11,G4_AIR,42.5856,0.0148516,0.109727,0.0948758,469.566,437.542,1
0,11,G4_AIR,13.6001,0.0043133,0.0948758,0.0863136,437.542,426.701,1
0,11,G4_AIR,28.5146,0.0105386,0.0863136,0.075775,426.701,405.192,1
0,11,G4_AIR,0.692803,3.20611e-05,0.075775,0.0740038,405.192,404.658,1
0,11,G4_AIR,6.36102,0.00226501,0.0740038,0.0703693,404.658,399.531,1
0,11,G4_AIR,20.3251,0.0126917,0.0703693,0.0576775,399.531,386.016,1
0,11,G4_AIR,2.76134,0.00185828,0.0576775,0.0530568,386.016,383.82,1
0,11,G4_AIR,1.24692,0.000458873,0.0530568,0.0427075,383.82,382.68,1
0,11,G4_AIR,9.19256,0.00894575,0.0427075,0.0337618,382.68,376.771,1
0,11,G4_AIR,6.52819,0.00811248,0.0337618,0.0256493,376.771,372.693,1
0,11,G4_AIR,4.54601,0.00531269,0.0256493,0.0203366,372.693,370.079,1
0,11,G4_AIR,3.47747,0.00260971,0.0203366,0.0177269,370.079,371.967,1
0,11,G4_AIR,0.0589679,0.000251335,0.0177269,0.0151981,371.967,371.972,1
0,11,G4_AIR,2.60877,0.00379189,0.0151981,0.0114062,371.972,370.827,1
0,11,G4_AIR,1.3682,0.00208716,0.0114062,0.00791343,370.827,370.898,1
0,11,G4_AIR,1.49081,0.00643577,0.00791343,0.00147766,370.898,370.211,1
0,11,G4_AIR,0.101316,0.00147766,0.00147766,0,370.211,370.242,0
0,86,G4_AIR,0.0939569,0.00140562,0.00140562,0,370.898,370.897,0
0,85,G4_AIR,0.199266,0.00227749,0.00227749,0,371.972,372.035,0
0,84,G4_AIR,1.81757,0.0025767,0.00989041,0.00731371,382.68,382.447,1
0,84,G4_AIR,0.267508,0.000223572,0.00731371,0.00604375,382.447,382.393,1
0,84,G4_AIR,1.06983,0.00604375,0.00604375,0,382.393,381.982,0
0,87,G4_AIR,0.0608676,0.00104639,0.00104639,0,382.393,382.395,0
0,83,G4_AIR,0.273953,0.00276242,0.00276242,0,383.82,383.812,0
0,82,G4_AIR,0.0903592,0.00136954,0.00136954,0,399.531,399.553,0
0,81,G4_AIR,0.130023,0.00173915,0.00173915,0,404.658,404.683,0
0,80,G4_AIR,0.575146,0.00424889,0.00424889,0,426.701,426.787,0
0,79,G4_AIR,0.259558,0.00267479,0.00267479,0,554.385,554.36,0
0,78,G4_AIR,0.0871973,0.00133733,0.00133733,0,647.033,647.021,0
0,77,G4_AIR,0.28818,0.00284674,0.00284674,0,648.08,648.053,0
0,76,G4_AIR,0.0965982,0.00143175,0.00143175,0,737.508,737.513,0
0,75,G4_AIR,0.12027,0.00165347,0.00165347,0,802.103,802.088,0
0,74,G4_AIR,0.139237,0.00181746,0.00181746,0,805.618,805.632,0
0,73,G4_AIR,0.0576707,0.00100756,0.00100756,0,885.127,885.114,0
0,72,G4_AIR,0.0605141,0.00104214,0.00104214,0,909.351,909.344,0
0,71,G4_AIR,0.0861768,0.00132683,0.00132683,0,1044.07,1044.09,0
0,70,G4_AIR,0.116673,0.0016211,0.0016211,0,1126.98,1127,0
0,69,G4_AIR,1.296,0.00433695,0.00694674,0.00260979,1127.77,1127.4,1
0,69,G4_AIR,0.249139,0.00260979,0.00260979,0,1127.4,1127.38,0
0,68,G4_AIR,2.03689,0.00355219,0.0113639,0.00781169,1175.54,1176.19,1
0,68,G4_AIR,0.685949,0.00109598,0.00781169,0.00448562,1176.19,1175.87,1
0,68,G4_AIR,0.632504,0.00448562,0.00448562,0,1175.87,1175.77,0
0,88,G4_AIR,0.192605,0.00223009,0.00223009,0,1175.87,1175.93,0
0,67,G4_AIR,0.143542,0.00185323,0.00185323,0,1190.03,1189.97,0
0,10,G4_AIR,0.347323,0.00317673,0.00317673,0,1214.94,1214.81,0
0,9,G4_AIR,0.0740404,0.0011976,0.0011976,0,1234.91,1234.89,0
0,8,G4_AIR,0.796882,0.00511297,0.00511297,0,1307.18,1307.44,0
0,7,G4_AIR,0.139767,0.00182189,0.00182189,0,1321.32,1321.35,0
0,6,G4_AIR,0.251854,0.00262686,0.00262686,0,1370.47,1370.39,0
0,5,G4_AIR,0.0758666,0.0012176,0.0012176,0,1382.29,1382.28,0
0,4,G4_AIR,0.609154,0.00439051,0.00439051,0,1423.24,1423.46,0
0,3,G4_AIR,0.11463,0.00160251,0.00160251,0,1454.55,1454.58,0
0,2,G4_AIR,0.198663,0.00227323,0.00227323,0,1461.56,1461.49,0
1,1,G4_AIR,311.425,0.0455301,5296.92,5296.87,1500,1305.21,1
1,1,G4_AIR,118.883,0.0217615,5296.87,5296.85,1305.21,1230.85,1
1,1,G4_AIR,234.385,0.0403349,5296.85,5296.76,1230.85,1084.26,1
1,1,G4_AIR,196.847,0.0317896,5296.76,5296.73,1084.26,961.136,1
1,1,G4_AIR,101.216,0.0170166,5296.73,5296.71,961.136,897.827,1
1,1,G4_AIR,59.1884,0.0131057,5296.71,5296.67,897.827,860.805,1
1,1,G4_AIR,27.7096,0.00668673,5296.67,5296.66,860.805,843.474,1
1,1,G4_AIR,185.365,0.0283645,5296.66,5296.62,843.474,727.53,1
1,1,G4_AIR,43.3861,0.0104299,5296.62,5296.61,727.53,700.392,1
1,1,G4_AIR,198.187,0.0337359,5296.61,5296.57,700.392,576.43,1
1,1,G4_AIR,0.166213,2.23901e-05,5296.57,5296.57,576.43,576.326,1
1,1,G4_AIR,272.706,0.0570778,5296.57,5296.51,576.326,405.75,1
1,1,G4_AIR,97.3506,0.0183265,5296.51,5296.49,405.75,344.86,1
1,1,G4_AIR,85.1501,0.0142617,5296.49,5296.48,344.86,291.6,1
1,1,G4_AIR,53.2027,0.010234,5296.48,5296.46,291.6,258.322,1
1,1,G4_AIR,138.009,0.0300037,5296.46,5296.43,258.322,171.996,1
1,1,G4_AIR,109.784,0.0182913,5296.43,5296.41,171.996,103.326,1
1,1,G4_AIR,29.7728,0.00539585,5296.41,5296.4,103.326,84.7037,1
1,1,G4_AIR,7.99361,0.00122204,5296.4,5296.4,84.7037,79.7038,1
1,1,G4_AIR,74.7983,0.0134325,5296.4,5296.39,79.7038,32.9188,1
1,1,G4_AIR,31.7332,0.00672824,5296.39,5296.38,32.9188,13.0709,1
1,1,G4_AIR,296.668,0.05277,5296.38,5296.32,13.0709,-172.486,1
1,1,G4_AIR,178.546,0.0261964,5296.32,5296.29,-172.486,-284.165,1
1,1,G4_AIR,47.592,0.00594462,5296.29,5296.29,-284.165,-313.934,1
1,1,G4_AIR,19.3403,0.00333535,5296.29,5296.28,-313.934,-326.031,1
1,1,G4_AIR,385.694,0.0695711,5296.28,5296.21,-326.031,-567.282,1
1,1,G4_AIR,56.1705,0.00970137,5296.21,5296.2,-567.282,-602.42,1
1,1,G4_AIR,10.1791,0.0015613,5296.2,5296.2,-602.42,-608.787,1
1,1,G4_AIR,0.948681,0.000324599,5296.2,5296.19,-608.787,-609.381,1
1,1,G4_AIR,323.393,0.056001,5296.19,5296.14,-609.381,-811.677,0
1,30,G4_AIR,0.119207,0.00164395,0.00164395,0,-609.381,-609.346,0
1,29,G4_AIR,0.069881,0.00115123,0.00115123,0,-608.787,-608.789,0
1,28,G4_AIR,0.221977,0.00243347,0.00243347,0,-602.42,-602.467,0
1,27,G4_AIR,0.16812,0.00204858,0.00204858,0,-567.282,-567.248,0
1,26,G4_AIR,0.117065,0.00162465,0.00162465,0,-326.031,-326.048,0
1,25,G4_AIR,0.0668205,0.00111634,0.00111634,0,-313.934,-313.952,0
1,24,G4_AIR,0.0656658,0.001103,0.001103,0,-284.165,-284.171,0
1,23,G4_AIR,0.408512,0.00349053,0.00349053,0,-172.486,-172.418,0
1,22,G4_AIR,0.313314,0.00299072,0.00299072,0,13.0709,13.1195,0
1,21,G4_AIR,0.0943721,0.00140975,0.00140975,0,32.9188,32.9152,0
1,20,G4_AIR,0.0672088,0.00112081,0.00112081,0,79.7038,79.7139,0
1,19,G4_AIR,0.507201,0.00395375,0.00395375,0,84.7037,84.791,0
1,18,G4_AIR,0.0603239,0.00103985,0.00103985,0,103.326,103.331,0
1,17,G4_AIR,0.0788943,0.0012503,0.0012503,0,171.996,172.01,0
1,16,G4_AIR,0.1425,0.00184462,0.00184462,0,258.322,258.36,0
1,15,G4_AIR,0.32523,0.00305697,0.00305697,0,291.6,291.694,0
1,14,G4_AIR,0.239032,0.00254538,0.00254538,0,344.86,344.93,0
1,13,G4_AIR,0.117822,0.00163148,0.00163148,0,405.75,405.755,0
1,12,G4_AIR,0.109974,0.00155961,0.00155961,0,576.326,576.354,0
1,11,G4_AIR,0.0714838,0.00116924,0.00116924,0,576.43,576.426,0
1,10,G4_AIR,0.666739,0.00462213,0.00462213,0,700.392,700.232,0
1,9,G4_AIR,0.0569164,2.15293e-05,0.00317198,0.00206241,727.53,727.545,1
1,9,G4_AIR,0.169928,0.00206241,0.00206241,0,727.545,727.594,0
1,31,G4_AIR,0.0643829,0.00108805,0.00108805,0,727.545,727.534,0
1,8,G4_AIR,0.18822,0.00219844,0.00219844,0,843.474,843.522,0
1,7,G4_AIR,5.70176,0.0051314,0.0305849,0.0254535,860.805,859.555,1
1,7,G4_AIR,4.50339,0.0041839,0.0254535,0.0212696,859.555,857.261,1
1,7,G4_AIR,3.65204,0.00355883,0.0212696,0.0177107,857.261,856.321,1
1,7,G4_AIR,3.01483,0.00650118,0.0177107,0.0112095,856.321,855.764,1
1,7,G4_AIR,2.01425,0.00350327,0.0112095,0.00770627,855.764,854.626,1
1,7,G4_AIR,0.881811,0.00325564,0.00770627,0.00335979,854.626,854.173,1
1,7,G4_AIR,0.382447,0.00335979,0.00335979,0,854.173,854.121,0
1,32,G4_AIR,0.0646223,0.00109085,0.00109085,0,854.173,854.19,0
1,6,G4_AIR,0.203244,0.00230543,0.00230543,0,897.827,897.8,0
1,5,G4_AIR,0.354738,0.00321609,0.00321609,0,961.136,961.192,0
1,4,G4_AIR,9.87708,0.00451087,0.0447749,0.040264,1084.26,1085.25,1
1,4,G4_AIR,8.41634,0.00441638,0.040264,0.0358477,1085.25,1083.99,1
1,4,G4_AIR,1.57894,0.00123244,0.0358477,0.0328536,1083.99,1084.55,1
1,4,G4_AIR,2.38156,0.00128622,0.0328536,0.0302326,1084.55,1084.73,1
1,4,G4_AIR,5.61407,0.00406838,0.0302326,0.0261642,1084.73,1084.03,1
1,4,G4_AIR,4.65924,0.00276784,0.0261642,0.0233964,1084.03,1085.01,1
1,4,G4_AIR,1.24528,0.000843559,0.0233964,0.0212652,1085.01,1085.25,1
1,4,G4_AIR,3.65121,0.00358406,0.0212652,0.0176811,1085.25,1084.69,1
1,4,G4_AIR,3.00984,0.00219112,0.0176811,0.01549,1084.69,1084.68,1
1,4,G4_AIR,2.11344,0.00166345,0.01549,0.0116571,1084.68,1084.23,1
1,4,G4_AIR,2.07982,0.00635159,0.0116571,0.00530547,1084.23,1084.31,1
1,4,G4_AIR,0.850942,0.00530547,0.00530547,0,1084.31,1084.63,0
1,36,G4_AIR,0.184249,0.00216948,0.00216948,0,1084.23,1084.25,0
1,35,G4_AIR,0.0824108,0.00128762,0.00128762,0,1085.25,1085.27,0
1,34,G4_AIR,0.0869524,0.00133482,0.00133482,0,1084.73,1084.75,0
1,33,G4_AIR,0.132635,0.0017616,0.0017616,0,1084.55,1084.56,0
1,3,G4_AIR,0.132165,0.00175757,0.00175757,0,1230.85,1230.87,0
1,2,G4_AIR,0.167032,0.00204024,0.00204024,0,1305.21,1305.17,0
2,1,G4_AIR,25.8731,0.00275434,1623.33,1623.33,1500,1485.02,1
2,1,G4_AIR,335.143,0.059025,1623.33,1623.27,1485.02,1291.02,1
2,1,G4_AIR,16.6118,0.00151431,1623.27,1623.27,1291.02,1281.4,1
2,1,G4_AIR,60.8901,0.00931644,1623.27,1623.25,1281.4,1246.14,1
2,1,G4_AIR,50.2193,0.0086954,1623.25,1623.24,1246.14,1217.06,1
2,1,G4_AIR,12.1983,0.00286483,1623.24,1623.24,1217.06,1210,1
2,1,G4_AIR,79.8403,0.0128011,1623.24,1623.22,1210,1163.78,1
2,1,G4_AIR,41.4976,0.00702404,1623.22,1623.21,1163.78,1139.76,1
2,1,G4_AIR,14.7453,0.00163413,1623.21,1623.2,1139.76,1131.22,1
2,1,G4_AIR,209.373,0.0328835,1623.2,1623.17,1131.22,1010.03,1
2,1,G4_AIR,61.9794,0.00847266,1623.17,1623.16,1010.03,974.154,1
2,1,G4_AIR,235.54,0.0354009,1623.16,1623.12,974.154,837.843,1
2,1,G4_AIR,52.2854,0.00837387,1623.12,1623.11,837.843,807.596,1
2,1,G4_AIR,198.883,0.0239457,1623.11,1623.08,807.596,692.534,1
2,1,G4_AIR,67.5571,0.0084843,1623.08,1623.07,692.534,653.447,1
2,1,G4_AIR,249.198,0.0381777,1623.07,1623.03,653.447,509.272,1
2,1,G4_AIR,35.4378,0.008008,1623.03,1623.02,509.272,488.766,1
2,1,G4_AIR,55.1941,0.00956429,1623.02,1623.01,488.766,456.828,1
2,1,G4_AIR,175.578,0.0251276,1623.01,1622.97,456.828,355.231,1
2,1,G4_AIR,186.188,0.0312046,1622.97,1622.93,355.231,247.471,1
2,1,G4_AIR,11.4912,0.00119604,1622.93,1622.69,247.471,240.82,1
2,1,G4_AIR,86.233,0.0108575,1622.69,1622.67,240.82,190.926,1
2,1,G4_AIR,249.487,0.0354986,1622.67,1622.63,190.926,46.5639,1
2,1,G4_AIR,6.86111,0.00146464,1622.63,1622.63,46.5639,42.5946,1
2,1,G4_AIR,223.495,0.0355673,1622.63,1622.59,42.5946,-86.7012,1
2,1,G4_AIR,13.1668,0.00313126,1622.59,1622.59,-86.7012,-94.318,1
2,1,G4_AIR,311.009,0.0448813,1622.59,1622.54,-94.318,-274.226,1
2,1,G4_AIR,12.8125,0.00326778,1622.54,1622.53,-274.226,-281.637,1
2,1,G4_AIR,234.676,0.0371716,1622.53,1622.49,-281.637,-417.389,1
2,1,G4_AIR,423.36,0.0631585,1622.49,1622.43,-417.389,-662.31,0
2,30,G4_AIR,0.0630965,0.00107292,0.00107292,0,-417.389,-417.403,0
2,29,G4_AIR,0.42803,0.00358589,0.00358589,0,-281.637,-281.645,0
2,28,G4_AIR,0.173934,0.00209278,0.00209278,0,-274.226,-274.259,0
2,27,G4_AIR,0.319968,0.00302786,0.00302786,0,-94.318,-94.3824,0
2,26,G4_AIR,0.115815,0.00161331,0.00161331,0,-86.7012,-86.6697,0
2,25,G4_AIR,0.374603,0.00331962,0.00331962,0,42.5946,42.4878,0
2,24,G4_AIR,0.35989,0.0032432,0.0032432,0,46.5639,46.6327,0
2,23,G4_AIR,0.12623,0.00170618,0.00170618,0,190.926,190.956,0
2,22,G4_AIR,21.1543,0.00315588,0.248138,0.243258,240.82,224.309,1
2,22,G4_AIR,54.7451,0.0117079,0.243258,0.229883,224.309,179.824,1
2,22,G4_AIR,32.0262,0.00525494,0.229883,0.223452,179.824,189.932,1
2,22,G4_AIR,3.57543,0.000512256,0.223452,0.212694,189.932,191.184,1
2,22,G4_AIR,5.46794,0.000266306,0.212694,0.21139,191.184,194.035,1
2,22,G4_AIR,6.26309,0.000841806,0.21139,0.208978,194.035,197.318,1
2,22,G4_AIR,123.223,0.0277261,0.208978,0.181252,197.318,259.349,1
2,22,G4_AIR,44.2571,0.0118915,0.181252,0.167345,259.349,274.895,1
2,22,G4_AIR,85.8375,0.0266639,0.167345,0.140681,274.895,313.694,1
2,22,G4_AIR,41.376,0.00842814,0.140681,0.13086,313.694,318.815,1
2,22,G4_AIR,57.1415,0.015955,0.13086,0.114905,318.815,326.363,1
2,22,G4_AIR,6.05957,0.00130464,0.114905,0.11208,326.363,322.018,1
2,22,G4_AIR,15.8065,0.0057694,0.11208,0.104497,322.018,312.009,1
2,22,G4_AIR,0.598796,0.000155231,0.104497,0.102825,312.009,311.456,1
2,22,G4_AIR,38.2009,0.0114859,0.102825,0.091339,311.456,281.669,1
2,22,G4_AIR,13.4978,0.00523538,0.091339,0.0751728,281.669,272.683,1
2,22,G4_AIR,12.6509,0.00470746,0.0751728,0.0694233,272.683,263.351,1
2,22,G4_AIR,6.38417,0.00143839,0.0694233,0.0669501,263.351,257.687,1
2,22,G4_AIR,5.614,0.00249222,0.0669501,0.0644579,257.687,253.461,1
2,22,G4_AIR,17.6027,0.00711161,0.0644579,0.0573463,253.461,246.565,1
2,22,G4_AIR,7.42785,0.00548189,0.0573463,0.0500652,246.565,252.623,1
2,22,G4_AIR,2.73046,0.00200985,0.0500652,0.0480554,252.623,252.331,1
2,22,G4_AIR,11.0147,0.00584573,0.0480554,0.0422096,252.331,247.469,1
2,22,G4_AIR,9.03149,0.00765599,0.0422096,0.0345536,247.469,246.82,1
2,22,G4_AIR,6.07599,0.00526455,0.0345536,0.0272554,246.82,244.741,1
2,22,G4_AIR,4.90488,0.00644643,0.0272554,0.020809,244.741,245.171,1
2,22,G4_AIR,3.56517,0.0058388,0.020809,0.0149702,245.171,246.533,1
2,22,G4_AIR,2.57349,0.00334004,0.0149702,0.0116301,246.533,246.699,1
2,22,G4_AIR,0.684009,0.0010677,0.0116301,0.00932784,246.699,246.653,1
2,22,G4_AIR,1.7303,0.00313597,0.00932784,0.00619187,246.653,246.976,1
2,22,G4_AIR,0.697704,0.0016521,0.00619187,0.00351636,246.976,247.223,1
2,22,G4_AIR,0.137149,0.000387054,0.00351636,0.00166411,247.223,247.263,1
2,22,G4_AIR,0.121463,0.00166411,0.00166411,0,247.263,247.238,0
2,49,G4_AIR,0.100026,0.00146519,0.00146519,0,247.263,247.285,0
2,48,G4_AIR,0.0589659,0.0010234,0.0010234,0,247.223,247.226,0
2,47,G4_AIR,0.0774338,0.0012346,0.0012346,0,246.653,246.645,0
2,46,G4_AIR,0.166181,0.00203368,0.00203368,0,244.741,244.807,0
2,45,G4_AIR,0.137057,0.00179915,0.00179915,0,252.623,252.586,0
2,44,G4_AIR,0.0599094,0.00103485,0.00103485,0,257.687,257.673,0
2,43,G4_AIR,0.0605051,0.00104203,0.00104203,0,263.351,263.354,0
2,42,G4_AIR,1.75908,0.00368256,0.0109307,0.00600631,272.683,272.264,1
2,42,G4_AIR,1.05911,0.00600631,0.00600631,0,272.264,272.328,0
2,50,G4_AIR,0.0781084,0.00124187,0.00124187,0,272.264,272.284,0
2,41,G4_AIR,0.105402,0.0015167,0.0015167,0,311.456,311.451,0
2,40,G4_AIR,0.138778,0.00181361,0.00181361,0,312.009,312.027,0
2,39,G4_AIR,0.105762,0.0015201,0.0015201,0,322.018,321.992,0
2,38,G4_AIR,0.0926901,0.00139299,0.00139299,0,318.815,318.78,0
2,37,G4_AIR,0.163834,0.00201554,0.00201554,0,274.895,274.894,0
2,36,G4_AIR,0.111103,0.00157008,0.00157008,0,197.318,197.302,0
2,35,G4_AIR,0.0601781,0.00103809,0.00103809,0,194.035,194.023,0
2,34,G4_AIR,1.87137,0.00339486,0.0102458,0.00685089,191.184,190.894,1
2,34,G4_AIR,1.27446,0.00570744,0.00685089,0.00114344,190.894,190.895,1
2,34,G4_AIR,0.0691924,0.00114344,0.00114344,0,190.895,190.898,0
2,33,G4_AIR,0.0720967,0.00117608,0.00117608,0,189.932,189.956,0
2,32,G4_AIR,0.121743,0.00166661,0.00166661,0,179.824,179.791,0
2,31,G4_AIR,0.128322,0.00172442,0.00172442,0,224.309,224.31,0
2,21,G4_AIR,0.250646,0.00261928,0.00261928,0,247.471,247.463,0
2,20,G4_AIR,0.681966,0.000889699,0.017265,0.0103294,355.231,355.584,1
2,20,G4_AIR,0.0134189,2.73432e-05,0.0103294,0.00871132,355.584,355.593,1
2,20,G4_AIR,1.63039,0.00735101,0.00871132,0.00136031,355.593,356.208,1
2,20,G4_AIR,0.0894479,0.00136031,0.00136031,0,356.208,356.238,0
2,52,G4_AIR,0.113345,0.00159074,0.00159074,0,355.593,355.593,0
2,51,G4_AIR,1.07046,0.00432936,0.00604594,0.00171658,355.584,355.59,1
2,51,G4_AIR,0.127421,0.00171658,0.00171658,0,355.59,355.547,0
2,19,G4_AIR,0.190924,0.002218,0.002218,0,456.828,456.778,0
2,18,G4_AIR,0.0608598,0.0010463,0.0010463,0,488.766,488.771,0
2,17,G4_AIR,0.145227,0.0018671,0.0018671,0,509.272,509.317,0
2,16,G4_AIR,0.0997062,0.0014621,0.0014621,0,653.447,653.415,0
2,15,G4_AIR,0.101239,0.00147692,0.00147692,0,692.534,692.543,0
2,14,G4_AIR,0.0151179,0,0.00605982,0.00450305,807.596,807.606,1
2,14,G4_AIR,0.636828,0.00450305,0.00450305,0,807.606,807.857,0
2,53,G4_AIR,0.109669,0.00155677,0.00155677,0,807.606,807.6,0
2,13,G4_AIR,0.0671534,0.00112017,0.00112017,0,837.843,837.84,0
2,12,G4_AIR,0.392052,0.00340844,0.00340844,0,974.154,974.018,0
2,11,G4_AIR,0.0608923,0.00104668,0.00104668,0,1010.03,1010.04,0
2,10,G4_AIR,0.180077,0.000377079,0.00551537,0.00513829,1131.22,1131.19,1
2,10,G4_AIR,0.803895,0.00513829,0.00513829,0,1131.19,1131.26,0
2,9,G4_AIR,0.193074,0.00223345,0.00223345,0,1139.76,1139.82,0
2,8,G4_AIR,0.718992,0.00482424,0.00482424,0,1163.78,1163.55,0
2,7,G4_AIR,0.0569791,0.000999034,0.000999034,0,1210,1210,0
2,6,G4_AIR,0.280477,0.00280136,0.00280136,0,1217.06,1217.01,0
2,5,G4_AIR,0.560671,0.00418743,0.00418743,0,1246.14,1246.01,0
2,4,G4_AIR,0.0853886,0.00131869,0.00131869,0,1281.4,1281.42,0
2,3,G4_AIR,0.0946633,0.00141264,0.00141264,0,1291.02,1291.03,0
2,2,G4_AIR,0.068578,0.00113646,0.00113646,0,1485.02,1485.03,0
3,1,G4_AIR,110.255,0.0161281,1127.33,1127.32,1500,1479.44,1
3,1,G4_AIR,50.8906,0.010617,1127.32,1127.29,1479.44,1469.95,1
3,1,G4_AIR,84.5672,0.0136782,1127.29,1127.27,1469.95,1454.18,1
3,1,G4_AIR,265.381,0.0390544,1127.27,1127.23,1454.18,1404.66,1
3,1,G4_AIR,127.534,0.014697,1127.23,1127.22,1404.66,1380.92,1
3,1,G4_AIR,29.3943,0.00460168,1127.22,1127.21,1380.92,1375.45,1
3,1,G4_AIR,87.9066,0.011641,1127.21,1127.19,1375.45,1359.09,1
3,1,G4_AIR,311.474,0.0429665,1127.19,1127.14,1359.09,1301.04,1
3,1,G4_AIR,6.84278,0.00260134,1127.14,1127.14,1301.04,1299.76,1
3,1,G4_AIR,91.8018,0.0127946,1127.14,1127.12,1299.76,1282.67,1
3,1,G4_AIR,109.751,0.018619,1127.12,1127.1,1282.67,1262.25,1
3,1,G4_AIR,31.6986,0.00453931,1127.1,1127.1,1262.25,1256.34,1
3,1,G4_AIR,49.87,0.00676991,1127.1,1127.08,1256.34,1247.06,1
3,1,G4_AIR,3.47528,0.000147088,1127.08,1127.04,1247.06,1246.41,1
3,1,G4_AIR,181.159,0.0303918,1127.04,1121.93,1246.41,1212.69,1
3,1,G4_AIR,30.7391,0.0030503,1121.93,1121.93,1212.69,1206.98,1
3,1,G4_AIR,83.573,0.012612,1121.93,1121.91,1206.98,1191.44,1
3,1,G4_AIR,270.186,0.0362933,1121.91,1121.87,1191.44,1141.18,1
3,1,G4_AIR,181.112,0.0231091,1121.87,1121.85,1141.18,1107.52,1
3,1,G4_AIR,72.7194,0.0120186,1121.85,1121.83,1107.52,1094,1
3,1,G4_AIR,150.376,0.0205511,1121.83,1121.8,1094,1066.05,1
3,1,G4_AIR,262.289,0.0333315,1121.8,1121.77,1066.05,1017.31,1
3,1,G4_AIR,210.14,0.0345185,1121.77,1121.73,1017.31,978.224,1
3,1,G4_AIR,437.749,0.0666991,1121.73,1121.66,978.224,896.814,1
3,1,G4_AIR,192.212,0.0223483,1121.66,1121.62,896.814,861.193,1
3,1,G4_AIR,27.9716,0.00562499,1121.62,1121.58,861.193,856.008,1
3,1,G4_AIR,9.99555,0.00196855,1121.58,1121.58,856.008,854.156,1
3,1,G4_AIR,26.0779,0.00463556,1121.58,1121.57,854.156,849.327,1
3,1,G4_AIR,10.1237,0.00321241,1121.57,1121.57,849.327,847.453,0
3,29,G4_AIR,0.0564081,0.00099196,0.00099196,0,849.327,849.307,0
3,28,G4_AIR,0.180028,0.00213835,0.00213835,0,854.156,854.091,0
3,27,G4_AIR,5.54288,0.00367254,0.0329123,0.0270941,856.008,851.457,1
3,27,G4_AIR,4.86808,0.00519931,0.0270941,0.0218948,851.457,847.77,1
3,27,G4_AIR,3.77211,0.00373873,0.0218948,0.0181561,847.77,845.199,1
3,27,G4_AIR,0.0710359,0,0.0181561,0.0171474,845.199,845.218,1
3,27,G4_AIR,2.92087,0.00519033,0.0171474,0.0119571,845.218,846.153,1
3,27,G4_AIR,0.766709,0.00109868,0.0119571,0.0108584,846.153,846.187,1
3,27,G4_AIR,1.96257,0.00383402,0.0108584,0.00702441,846.187,847.122,1
3,27,G4_AIR,1.3131,0.0056129,0.00702441,0.00141151,847.122,847.431,1
3,27,G4_AIR,0.0945497,0.00141151,0.00141151,0,847.431,847.452,0
3,31,G4_AIR,0.0577557,0.00100861,0.00100861,0,845.218,845.205,0
3,30,G4_AIR,0.181023,0.00214572,0.00214572,0,851.457,851.447,0
3,26,G4_AIR,3.0238,0.00533389,0.017764,0.0124301,861.193,859.003,1
3,26,G4_AIR,2.19296,0.00497103,0.0124301,0.00745908,859.003,857.838,1
3,26,G4_AIR,1.4037,0.00504431,0.00745908,0.00241476,857.838,857.74,1
3,26,G4_AIR,0.215003,0.00127061,0.00241476,0.00114416,857.74,857.746,1
3,26,G4_AIR,0.0692551,0.00114416,0.00114416,0,857.746,857.753,0
3,25,G4_AIR,0.188311,0.00219911,0.00219911,0,896.814,896.859,0
3,24,G4_AIR,0.086929,0.00133458,0.00133458,0,978.224,978.195,0
3,23,G4_AIR,0.187728,0.00219487,0.00219487,0,1017.31,1017.29,0
3,22,G4_AIR,0.737777,0.00489519,0.00489519,0,1066.05,1066.11,0
3,21,G4_AIR,1.55535,0.00357949,0.00827226,0.00469277,1094,1093.9,1
3,21,G4_AIR,0.684789,0.00469277,0.00469277,0,1093.9,1093.69,0
3,20,G4_AIR,0.0666984,0.00111494,0.00111494,0,1107.52,1107.49,0
3,19,G4_AIR,0.0828256,0.00129197,0.00129197,0,1141.18,1141.15,0
3,18,G4_AIR,0.453979,0.00370964,0.00370964,0,1191.44,1191.62,0
3,17,G4_AIR,0.250838,0.00262048,0.00262048,0,1206.98,1206.94,0
3,16,G4_AIR,1.4786,2.01629e-05,5.0806,5.07836,1212.69,1212.35,1
3,16,G4_AIR,44.0949,0.00439925,5.07836,5.07278,1212.35,1201.48,1
3,16,G4_AIR,132.986,0.0217649,5.07278,5.04671,1201.48,1170.99,1
3,16,G4_AIR,134.123,0.0207321,5.04671,5.02252,1170.99,1133.02,1
3,16,G4_AIR,40.7928,0.00411683,5.02252,5.01275,1133.02,1122.34,1
3,16,G4_AIR,14.7343,0.00324662,5.01275,5.0055,1122.34,1118.39,1
3,16,G4_AIR,301.467,0.0445527,5.0055,4.95968,1118.39,1024.1,1
3,16,G4_AIR,22.6421,0.00317079,4.95968,4.95546,1024.1,1017,1
3,16,G4_AIR,45.7653,0.00754617,4.95546,4.94604,1017,1003.5,1
3,16,G4_AIR,23.0403,0.00331983,4.94604,4.94013,1003.5,996.797,1
3,16,G4_AIR,167.063,0.0229084,4.94013,4.91373,996.797,946.445,1
3,16,G4_AIR,56.3537,0.00913749,4.91373,4.90103,946.445,929.594,1
3,16,G4_AIR,329.867,0.0513237,4.90103,4.84781,929.594,820.516,1
3,16,G4_AIR,159.09,0.0218141,4.84781,4.80728,820.516,754.291,1
3,16,G4_AIR,23.7449,0.00253771,4.80728,4.80181,754.291,745.646,1
3,16,G4_AIR,14.1037,0.0019987,4.80181,4.79665,745.646,740.348,1
3,16,G4_AIR,97.2881,0.0133615,4.79665,4.78329,740.348,703.973,0
3,47,G4_AIR,0.344153,0.00315977,0.00315977,0,740.348,740.306,0
3,46,G4_AIR,0.302743,0.00293089,0.00293089,0,745.646,745.742,0
3,45,G4_AIR,3.00386,0.00729422,0.0187226,0.0101164,754.291,752.824,1
3,45,G4_AIR,1.79559,0.00323116,0.0101164,0.00469747,752.824,751.971,1
3,45,G4_AIR,0.685998,0.00469747,0.00469747,0,751.971,751.932,0
3,49,G4_AIR,0.186752,0.00218778,0.00218778,0,751.971,751.939,0
3,48,G4_AIR,0.0847444,0.001312,0.001312,0,752.824,752.806,0
3,44,G4_AIR,0.148682,0.0018953,0.0018953,0,820.516,820.57,0
3,43,G4_AIR,0.421806,0.00355571,0.00355571,0,929.594,929.76,0
3,42,G4_AIR,0.409676,0.00349627,0.00349627,0,946.445,946.504,0
3,41,G4_AIR,0.245383,0.00258601,0.00258601,0,996.797,996.827,0
3,40,G4_AIR,0.146406,0.00187676,0.00187676,0,1003.5,1003.52,0
3,39,G4_AIR,0.0612366,0.00105081,0.00105081,0,1017,1016.99,0
3,38,G4_AIR,0.0806843,0.00126938,0.00126938,0,1024.1,1024.11,0
3,37,G4_AIR,0.517098,0.00399783,0.00399783,0,1118.39,1118.59,0
3,36,G4_AIR,0.9537,0.00565589,0.00565589,0,1122.34,1122.11,0
3,35,G4_AIR,0.40257,0.00346108,0.00346108,0,1133.02,1132.99,0
3,34,G4_AIR,0.587924,0.00430255,0.00430255,0,1170.99,1171.2,0
3,33,G4_AIR,0.0726532,0.00118227,0.00118227,0,1201.48,1201.51,0
3,32,G4_AIR,0.19035,0.00221386,0.00221386,0,1212.35,1212.38,0
3,15,G4_AIR,4.15885,0.00187211,0.0398648,0.0367787,1246.41,1242.82,1
3,15,G4_AIR,7.37179,0.00881925,0.0367787,0.0279594,1242.82,1236.73,1
3,15,G4_AIR,5.06743,0.00374482,0.0279594,0.0242146,1236.73,1232.76,1
3,15,G4_AIR,2.11894,0.00174327,0.0242146,0.0186196,1232.76,1231.12,1
3,15,G4_AIR,3.17026,0.00575758,0.0186196,0.012862,1231.12,1229.07,1
3,15,G4_AIR,0.942239,0.00108781,0.012862,0.00724652,1229.07,1228.27,1
3,15,G4_AIR,0.414973,0.0017567,0.00724652,0.00439013,1228.27,1228.07,1
3,15,G4_AIR,0.609061,0.00439013,0.00439013,0,1228.07,1228.03,0
3,53,G4_AIR,0.0653813,0.00109969,0.00109969,0,1228.07,1228.04,0
3,52,G4_AIR,0.642952,0.00452764,0.00452764,0,1228.27,1228.13,0
3,51,G4_AIR,0.48464,0.00385177,0.00385177,0,1231.12,1231.09,0
3,50,G4_AIR,0.0755366,0.001214,0.001214,0,1242.82,1242.82,0
3,14,G4_AIR,1.44226,0.00493966,0.00765586,0.0027162,1247.06,1246.51,1
3,14,G4_AIR,0.26631,0.0027162,0.0027162,0,1246.51,1246.45,0
3,13,G4_AIR,0.106308,0.00152527,0.00152527,0,1256.34,1256.35,0
3,12,G4_AIR,0.0618228,0.00105781,0.00105781,0,1262.25,1262.23,0
3,11,G4_AIR,0.110518,0.00156466,0.00156466,0,1282.67,1282.68,0
3,10,G4_AIR,0.0819277,0.00128253,0.00128253,0,1299.76,1299.79,0
3,9,G4_AIR,1.64513,0.00681768,0.00880012,0.00198244,1301.04,1300.21,1
3,9,G4_AIR,0.159594,0.00198244,0.00198244,0,1300.21,1300.17,0
3,8,G4_AIR,1.28346,0.00689068,0.00689068,0,1359.09,1359.56,0
3,7,G4_AIR,0.0736608,0.00119342,0.00119342,0,1375.45,1375.45,0
3,6,G4_AIR,0.0672052,0.00112077,0.00112077,0,1380.92,1380.91,0
3,5,G4_AIR,0.0847253,0.00131181,0.00131181,0,1404.66,1404.69,0
3,4,G4_AIR,0.0671871,0.00112056,0.00112056,0,1454.18,1454.15,0
3,3,G4_AIR,2.86434,0.00494236,0.0173818,0.0107998,1469.95,1469.54,1
3,3,G4_AIR,1.1119,0.00338932,0.0107998,0.0063526,1469.54,1469.07,1
3,3,G4_AIR,1.15369,0.0063526,0.0063526,0,1469.07,1468.78,0
3,55,G4_AIR,0.0618253,0.00105784,0.00105784,0,1469.07,1469.08,0
3,54,G4_AIR,0.118734,0.0016397,0.0016397,0,1469.54,1469.5,0
3,2,G4_AIR,0.0592457,0.00102681,0.00102681,0,1479.44,1479.44,0
4,1,G4_AIR,71.6732,0.00661754,1152.61,1152.6,1500,1463.73,1
4,1,G4_AIR,36.0983,0.00414058,1152.6,1152.6,1463.73,1445.47,1
4,1,G4_AIR,252.967,0.0395874,1152.6,1152.56,1445.47,1317.62,1
4,1,G4_AIR,29.398,0.00485073,1152.56,1152.55,1317.62,1302.77,1
4,1,G4_AIR,410.992,0.0552253,1152.55,1152.49,1302.77,1095.15,1
4,1,G4_AIR,146.653,0.0189582,1152.49,1152.47,1095.15,1021.07,1
4,1,G4_AIR,136.078,0.0240761,1152.47,1152.44,1021.07,952.289,1
4,1,G4_AIR,161.13,0.0205892,1152.44,1152.41,952.289,870.807,1
4,1,G4_AIR,3.92793,0.000374202,1152.41,1152.41,870.807,868.82,1
4,1,G4_AIR,60.1157,0.00715804,1152.41,1152.4,868.82,838.419,1
4,1,G4_AIR,19.082,0.0019764,1152.4,1152.4,838.419,828.77,1
4,1,G4_AIR,34.0134,0.00445477,1152.4,1152.39,828.77,811.572,1
4,1,G4_AIR,53.632,0.00681159,1152.39,1152.38,811.572,784.455,1
4,1,G4_AIR,425.487,0.0652681,1152.38,1152.31,784.455,569.366,1
4,1,G4_AIR,160.424,0.0215495,1152.31,1152.29,569.366,488.266,1
4,1,G4_AIR,114.319,0.0135613,1152.29,1152.27,488.266,430.468,1
4,1,G4_AIR,8.19465,0.000394076,1152.27,1152.27,430.468,426.324,1
4,1,G4_AIR,142.611,0.0177766,1152.27,1152.25,426.324,354.223,1
4,1,G4_AIR,102.651,0.0161438,1152.25,1152.23,354.223,302.331,1
4,1,G4_AIR,159.289,0.0202236,1152.23,1152.21,302.331,221.858,1
4,1,G4_AIR,8.5688,0.000934577,1152.21,1152.21,221.858,217.529,1
4,1,G4_AIR,58.758,0.00773304,1152.21,1152.19,217.529,187.841,1
4,1,G4_AIR,105.378,0.0158154,1152.19,1152.17,187.841,134.593,1
4,1,G4_AIR,44.7593,0.00711819,1152.17,1152.16,134.593,111.988,1
4,1,G4_AIR,26.4728,0.00431692,1152.16,1152.15,111.988,98.6167,1
4,1,G4_AIR,89.935,0.0136101,1152.15,1152.14,98.6167,53.1842,1
4,1,G4_AIR,16.3087,0.00153974,1152.14,1152.1,53.1842,44.9441,1
4,1,G4_AIR,90.2484,0.0122298,1152.1,1152.09,44.9441,-0.64742,1
4,1,G4_AIR,60.0104,0.008918,1152.09,1152.08,-0.64742,-30.9581,1
4,1,G4_AIR,8.39728,0.000592996,1152.08,1152.07,-30.9581,-35.1987,1
4,1,G4_AIR,38.678,0.00678862,1152.07,1152.06,-35.1987,-54.7292,1
4,1,G4_AIR,247.087,0.0344516,1152.06,1150.3,-54.7292,-179.493,1
4,1,G4_AIR,88.9587,0.0141353,1150.3,1150.28,-179.493,-224.474,1
4,1,G4_AIR,130.803,0.0213624,1150.28,1150.26,-224.474,-290.608,0
4,34,G4_AIR,0.678291,0.00219702,0.00647762,0.00299001,-224.474,-224.14,1
4,34,G4_AIR,0.313187,0.00299001,0.00299001,0,-224.14,-224.058,0
4,35,G4_AIR,0.0826943,0.00129059,0.00129059,0,-224.14,-224.163,0
4,33,G4_AIR,12.8197,0.00103671,1.72411,1.72186,-179.493,-178.476,1
4,33,G4_AIR,127.966,0.0185145,1.72186,1.70233,-178.476,-173.452,1
4,33,G4_AIR,109.622,0.0128322,1.70233,1.68949,-173.452,-175.163,0
4,37,G4_AIR,0.0589814,0.00102359,0.00102359,0,-173.452,-173.468,0
4,36,G4_AIR,0.0753675,0.00121215,0.00121215,0,-178.476,-178.485,0
4,32,G4_AIR,0.155352,0.0019489,0.0019489,0,-54.7292,-54.7179,0
4,31,G4_AIR,0.292755,0.0028734,0.0028734,0,-35.1987,-35.3044,0
4,30,G4_AIR,0.0566275,0.000994682,0.000994682,0,-30.9581,-30.9762,0
4,29,G4_AIR,1.20595,0.00475534,0.00656016,0.00180482,-0.64742,-1.11466,1
4,29,G4_AIR,0.13773,0.00180482,0.00180482,0,-1.11466,-1.1444,0
4,28,G4_AIR,6.08877,0.00424316,0.0321033,0.0278602,44.9441,41.2551,1
4,28,G4_AIR,4.10289,0.00286823,0.0278602,0.0233721,41.2551,39.7129,1
4,28,G4_AIR,4.06578,0.00501143,0.0233721,0.0183607,39.7129,37.2819,1
4,28,G4_AIR,3.1255,0.00269497,0.0183607,0.0156657,37.2819,37.1846,1
4,28,G4_AIR,1.83452,0.00353714,0.0156657,0.0110488,37.1846,37.4217,1
4,28,G4_AIR,1.99062,0.00546927,0.0110488,0.00557948,37.4217,37.1962,1
4,28,G4_AIR,0.930815,0.00557948,0.00557948,0,37.1962,36.9934,0
4,39,G4_AIR,0.0636822,0.00107983,0.00107983,0,37.4217,37.4395,0
4,38,G4_AIR,0.116532,0.00161982,0.00161982,0,39.7129,39.6972,0
4,27,G4_AIR,0.0715925,0.00117046,0.00117046,0,53.1842,53.2065,0
4,26,G4_AIR,0.13103,0.00174782,0.00174782,0,98.6167,98.6537,0
4,25,G4_AIR,0.993727,0.0039722,0.00748377,0.00246393,111.988,112.276,1
4,25,G4_AIR,0.226557,0.00246393,0.00246393,0,112.276,112.366,0
4,40,G4_AIR,0.0609717,0.00104764,0.00104764,0,112.276,112.27,0
4,24,G4_AIR,0.077828,0.00123885,0.00123885,0,134.593,134.618,0
4,23,G4_AIR,1.40341,0.00536957,0.00745762,0.00208805,187.841,188.322,1
4,23,G4_AIR,0.173308,0.00208805,0.00208805,0,188.322,188.307,0
4,22,G4_AIR,0.0654538,0.00110054,0.00110054,0,217.529,217.548,0
4,21,G4_AIR,0.0851562,0.00131628,0.00131628,0,221.858,221.874,0
4,20,G4_AIR,0.165303,0.00202691,0.00202691,0,302.331,302.383,0
4,19,G4_AIR,0.152996,0.00193009,0.00193009,0,354.223,354.202,0
4,18,G4_AIR,0.0946728,0.00141274,0.00141274,0,426.324,426.295,0
4,17,G4_AIR,0.458138,0.00372917,0.00372917,0,430.468,430.598,0
4,16,G4_AIR,0.272525,0.00275384,0.00275384,0,488.266,488.216,0
4,15,G4_AIR,1.58741,0.00533574,0.00845712,0.00312138,569.366,569.946,1
4,15,G4_AIR,0.337025,0.00312138,0.00312138,0,569.946,569.987,0
4,14,G4_AIR,0.0972842,0.00143848,0.00143848,0,784.455,784.422,0
4,13,G4_AIR,0.0910198,0.00137621,0.00137621,0,811.572,811.546,0
4,12,G4_AIR,0.222664,0.00243806,0.00243806,0,828.77,828.703,0
4,11,G4_AIR,0.0593393,0.00102794,0.00102794,0,838.419,838.401,0
4,10,G4_AIR,0.275728,0.00277306,0.00277306,0,868.82,868.821,0
4,9,G4_AIR,0.250167,0.00261626,0.00261626,0,870.807,870.853,0
4,8,G4_AIR,0.617573,0.004425,0.004425,0,952.289,952.056,0
4,7,G4_AIR,0.925293,0.0055609,0.0055609,0,1021.07,1020.78,0
4,6,G4_AIR,0.963852,0.00568951,0.00568951,0,1095.15,1095,0
4,5,G4_AIR,0.270178,0.00273967,0.00273967,0,1302.77,1302.84,0
4,4,G4_AIR,0.0820665,0.00128399,0.00128399,0,1317.62,1317.65,0
4,3,G4_AIR,0.0602024,0.00103839,0.00103839,0,1445.47,1445.45,0
4,2,G4_AIR,0.142067,0.00184103,0.00184103,0,1463.73,1463.68,0
5,1,G4_AIR,112.877,0.0153382,1066.2,1066.19,1500,1493.89,1
5,1,G4_AIR,16.8734,0.00183054,1066.19,1066.18,1493.89,1492.97,1
5,1,G4_AIR,37.3117,0.00736209,1066.18,1066.17,1492.97,1490.96,1
5,1,G4_AIR,28.968,0.0048992,1066.17,1066.15,1490.96,1489.39,1
5,1,G4_AIR,57.9613,0.00979531,1066.15,1066.14,1489.39,1486.26,1
5,1,G4_AIR,33.7391,0.00422992,1066.14,1066.14,1486.26,1484.44,1
5,1,G4_AIR,46.0672,0.00667529,1066.14,1066.12,1484.44,1481.95,1
5,1,G4_AIR,168.995,0.0234115,1066.12,1066.09,1481.95,1472.83,1
5,1,G4_AIR,75.4532,0.0102576,1066.09,1066.08,1472.83,1468.75,1
5,1,G4_AIR,10.8983,0.00122372,1066.08,1066.08,1468.75,1468.16,1
5,1,G4_AIR,368.317,0.052336,1066.08,1066.02,1468.16,1448.29,1
5,1,G4_AIR,80.3245,0.01485,1066.02,1066,1448.29,1443.92,1
5,1,G4_AIR,39.6571,0.00445619,1066,1065.99,1443.92,1441.76,1
5,1,G4_AIR,108.69,0.0155887,1065.99,1065.98,1441.76,1435.84,1
5,1,G4_AIR,113.963,0.0186675,1065.98,1065.96,1435.84,1429.66,1
5,1,G4_AIR,9.75013,0.00181537,1065.96,1065.95,1429.66,1429.13,1
5,1,G4_AIR,53.9869,0.00610048,1065.95,1065.94,1429.13,1426.21,1
5,1,G4_AIR,1.12574,7.25549e-05,1065.94,1065.94,1426.21,1426.15,1
5,1,G4_AIR,40.6756,0.00393808,1065.94,1065.93,1426.15,1423.95,1
5,1,G4_AIR,55.413,0.00839085,1065.93,1065.89,1423.95,1420.95,1
5,1,G4_AIR,100.746,0.0131657,1065.89,1065.88,1420.95,1415.51,1
5,1,G4_AIR,95.3687,0.0156264,1065.88,1065.86,1415.51,1410.37,1
5,1,G4_AIR,239.344,0.0316176,1065.86,1065.82,1410.37,1397.44,1
5,1,G4_AIR,234.387,0.0314595,1065.82,1065.79,1397.44,1384.69,1
5,1,G4_AIR,164.49,0.0242363,1065.79,1065.76,1384.69,1375.65,1
5,1,G4_AIR,165.461,0.0217118,1065.76,1065.74,1375.65,1366.56,1
5,1,G4_AIR,40.9292,0.00703506,1065.74,1065.73,1366.56,1364.32,1
5,1,G4_AIR,63.9393,0.00932671,1065.73,1065.72,1364.32,1360.82,1
5,1,G4_AIR,47.0533,0.00390623,1065.72,1065.72,1360.82,1358.24,1
5,1,G4_AIR,33.5531,0.00462084,1065.72,1065.71,1358.24,1356.41,1
5,1,G4_AIR,11.8506,0.0010296,1065.71,1065.71,1356.41,1355.76,1
5,1,G4_AIR,402.26,0.0484846,1065.71,1065.66,1355.76,1333.75,1
5,1,G4_AIR,43.0641,0.00694846,1065.66,1065.65,1333.75,1331.39,1
5,1,G4_AIR,12.6576,0.00109748,1065.65,1065.64,1331.39,1330.7,1
5,1,G4_AIR,101.722,0.0169803,1065.64,1065.62,1330.7,1325.15,1
5,1,G4_AIR,291.434,0.0550875,1065.62,1065.56,1325.15,1309.22,0
5,36,G4_AIR,1.49082,0.00289274,0.00791349,0.00502075,1325.15,1325.41,1
5,36,G4_AIR,0.771588,0.00502075,0.00502075,0,1325.41,1325.44,0
5,35,G4_AIR,0.177628,0.00212049,0.00212049,0,1330.7,1330.64,0
5,34,G4_AIR,0.0924575,0.000201511,0.00277454,0.0013655,1331.39,1331.33,1
5,34,G4_AIR,0.0899593,0.0013655,0.0013655,0,1331.33,1331.3,0
5,37,G4_AIR,0.0749449,0.00120753,0.00120753,0,1331.33,1331.32,0
5,33,G4_AIR,0.0593867,0.00102852,0.00102852,0,1333.75,1333.73,0
5,32,G4_AIR,0.0682846,0.00113312,0.00113312,0,1355.76,1355.78,0
5,31,G4_AIR,0.0577899,0.00100902,0.00100902,0,1356.41,1356.41,0
5,30,G4_AIR,0.0852473,0.00131722,0.00131722,0,1358.24,1358.24,0
5,29,G4_AIR,0.0922109,0.00138819,0.00138819,0,1360.82,1360.78,0
5,28,G4_AIR,0.199345,0.00227805,0.00227805,0,1364.32,1364.25,0
5,27,G4_AIR,0.129045,0.00173069,0.00173069,0,1366.56,1366.54,0
5,26,G4_AIR,0.138333,0.00180988,0.00180988,0,1375.65,1375.69,0
5,25,G4_AIR,0.0701997,0.00115483,0.00115483,0,1384.69,1384.71,0
5,24,G4_AIR,0.0977596,0.00144314,0.00144314,0,1397.44,1397.41,0
5,23,G4_AIR,0.743129,0.00229031,0.00691346,0.00253224,1410.37,1410.79,1
5,23,G4_AIR,0.236996,0.00253224,0.00253224,0,1410.79,1410.85,0
5,38,G4_AIR,0.173686,0.00209091,0.00209091,0,1410.79,1410.85,0
5,22,G4_AIR,0.0703321,0.00115632,0.00115632,0,1415.51,1415.48,0
5,21,G4_AIR,1.94785,0.00124155,0.0338527,0.030851,1420.95,1419.13,1
5,21,G4_AIR,1.80335,0.00177447,0.030851,0.0273479,1419.13,1417.44,1
5,21,G4_AIR,1.36294,0.00190398,0.0273479,0.0243556,1417.44,1416.32,1
5,21,G4_AIR,2.94587,0.00285611,0.0243556,0.0200057,1416.32,1413.83,1
5,21,G4_AIR,3.41685,0.00340343,0.0200057,0.0166023,1413.83,1413.67,1
5,21,G4_AIR,0.831073,0.00105441,0.0166023,0.013531,1413.67,1413.98,1
5,21,G4_AIR,0.04576,0,0.013531,0.012393,1413.98,1414.01,1
5,21,G4_AIR,2.18752,0.00315473,0.012393,0.00923827,1414.01,1415.06,1
5,21,G4_AIR,1.7161,0.00429385,0.00923827,0.00494442,1415.06,1415.36,1
5,21,G4_AIR,0.750947,0.00494442,0.00494442,0,1415.36,1415.18,0
5,44,G4_AIR,0.0687106,0.00113797,0.00113797,0,1414.01,1414.02,0
5,43,G4_AIR,0.164013,0.00201693,0.00201693,0,1413.98,1413.96,0
5,42,G4_AIR,0.10299,0.00149373,0.00149373,0,1413.83,1413.81,0
5,41,G4_AIR,0.0644082,0.00108834,0.00108834,0,1416.32,1416.32,0
5,40,G4_AIR,0.128813,0.00172868,0.00172868,0,1417.44,1417.43,0
5,39,G4_AIR,0.132468,0.00176017,0.00176017,0,1419.13,1419.12,0
5,20,G4_AIR,0.24359,0.0025746,0.0025746,0,1423.95,1423.85,0
5,19,G4_AIR,0.121032,0.00166027,0.00166027,0,1426.15,1426.18,0
5,18,G4_AIR,0.0815577,0.00127863,0.00127863,0,1426.21,1426.22,0
5,17,G4_AIR,0.14314,0.00126109,0.00421591,0.00186766,1429.13,1429.02,1
5,17,G4_AIR,0.145296,0.00186766,0.00186766,0,1429.02,1428.96,0
5,45,G4_AIR,0.064307,0.00108716,0.00108716,0,1429.02,1429,0
5,16,G4_AIR,0.0603526,0.0010402,0.0010402,0,1429.66,1429.68,0
5,15,G4_AIR,0.169371,0.00205816,0.00205816,0,1435.84,1435.87,0
5,14,G4_AIR,0.0576456,0.00100725,0.00100725,0,1441.76,1441.78,0
5,13,G4_AIR,1.83677,0.00549085,0.0100166,0.00452574,1443.92,1443.08,1
5,13,G4_AIR,0.37848,0.00171042,0.00452574,0.00178111,1443.08,1443.15,1
5,13,G4_AIR,0.134925,0.00178111,0.00178111,0,1443.15,1443.2,0
5,46,G4_AIR,0.0598561,0.0010342,0.0010342,0,1443.15,1443.15,0
5,12,G4_AIR,0.144627,0.00186217,0.00186217,0,1448.29,1448.23,0
5,11,G4_AIR,0.176881,0.00211491,0.00211491,0,1468.16,1468.23,0
5,10,G4_AIR,0.277842,0.00278569,0.00278569,0,1468.75,1468.64,0
5,9,G4_AIR,0.112106,0.00157935,0.00157935,0,1472.83,1472.8,0
5,8,G4_AIR,1.92764,0.00401111,0.0106225,0.0066114,1481.95,1482.2,1
5,8,G4_AIR,1.2184,0.0066114,0.0066114,0,1482.2,1482.4,0
5,7,G4_AIR,0.0775973,0.00123636,0.00123636,0,1484.44,1484.41,0
5,6,G4_AIR,0.105179,0.00151458,0.00151458,0,1486.26,1486.23,0
5,5,G4_AIR,2.3711,0.00359369,0.0136356,0.0100419,1489.39,1488.77,1
5,5,G4_AIR,1.44464,0.00285662,0.0100419,0.00619118,1488.77,1487.99,1
5,5,G4_AIR,1.11085,0.00619118,0.00619118,0,1487.99,1487.56,0
5,47,G4_AIR,0.0565788,0.000994078,0.000994078,0,1487.99,1487.98,0
5,4,G4_AIR,0.475267,0.00380877,0.00380877,0,1490.96,1491.15,0
5,3,G4_AIR,0.23872,0.00254337,0.00254337,0,1492.97,1492.97,0
5,2,G4_AIR,0.149013,0.00189799,0.00189799,0,1493.89,1493.83,0
6,1,G4_AIR,42.0925,0.00523371,2333.84,2333.84,1500,1475.13,1
6,1,G4_AIR,1.02791,8.33813e-05,2333.84,2333.84,1475.13,1474.52,1
6,1,G4_AIR,36.816,0.00363065,2333.84,2333.83,1474.52,1452.77,1
6,1,G4_AIR,193.957,0.0326283,2333.83,2333.8,1452.77,1338.16,1
6,1,G4_AIR,66.532,0.0109034,2333.8,2333.78,1338.16,1298.84,1
6,1,G4_AIR,40.671,0.00661782,2333.78,2333.78,1298.84,1274.81,1
6,1,G4_AIR,109.997,0.0213765,2333.78,2333.75,1274.81,1209.79,1
6,1,G4_AIR,70.1157,0.00812819,2333.75,2333.74,1209.79,1168.36,1
6,1,G4_AIR,255.553,0.0465261,2333.74,2333.69,1168.36,1017.34,1
6,1,G4_AIR,291.077,0.0435505,2333.69,2333.65,1017.34,845.297,1
6,1,G4_AIR,59.2005,0.00629397,2333.65,2333.64,845.297,810.303,1
6,1,G4_AIR,323.004,0.0490241,2333.64,2333.59,810.303,619.376,1
6,1,G4_AIR,380.23,0.0567694,2333.59,2333.53,619.376,394.595,1
6,1,G4_AIR,33.5421,0.00584464,2333.53,2333.52,394.595,374.77,1
6,1,G4_AIR,24.7249,0.00161144,2333.52,2333.48,374.77,360.158,1
6,1,G4_AIR,32.624,0.00321499,2333.48,2333.47,360.158,340.878,1
6,1,G4_AIR,88.8902,0.0133566,2333.47,2333.44,340.878,288.351,1
6,1,G4_AIR,453.429,0.0786432,2333.44,2333.36,288.351,20.4479,1
6,1,G4_AIR,24.7604,0.00270792,2333.36,2333.36,20.4479,5.82064,1
6,1,G4_AIR,174.155,0.0309362,2333.36,2333.32,5.82064,-97.0557,1
6,1,G4_AIR,97.592,0.0213892,2333.32,2333.29,-97.0557,-154.704,1
6,1,G4_AIR,48.7099,0.00901533,2333.29,2333.28,-154.704,-183.477,1
6,1,G4_AIR,223.342,0.0362116,2333.28,2333.24,-183.477,-315.401,1
6,1,G4_AIR,8.35053,0.00216456,2333.24,2333.23,-315.401,-320.333,1
6,1,G4_AIR,3.03137,0.000132957,2333.23,2333.23,-320.333,-322.123,1
6,1,G4_AIR,66.1164,0.00932162,2333.23,2333.22,-322.123,-361.171,1
6,1,G4_AIR,159.636,0.0246149,2333.22,2333.19,-361.171,-455.456,0
6,27,G4_AIR,0.560616,0.00248752,0.00459834,0.00211081,-361.171,-361.014,1
6,27,G4_AIR,0.176334,0.00211081,0.00211081,0,-361.014,-360.978,0
6,26,G4_AIR,0.144936,0.00186471,0.00186471,0,-322.123,-322.077,0
6,25,G4_AIR,0.0587261,0.00102048,0.00102048,0,-320.333,-320.339,0
6,24,G4_AIR,1.86027,0.0059127,0.010172,0.00425928,-315.401,-316.162,1
6,24,G4_AIR,0.57761,0.00425928,0.00425928,0,-316.162,-316.052,0
6,23,G4_AIR,0.136771,0.00179674,0.00179674,0,-183.477,-183.493,0
6,22,G4_AIR,0.255438,0.00264925,0.00264925,0,-154.704,-154.784,0
6,21,G4_AIR,2.1307,0.00311609,0.0120049,0.00888883,-97.0557,-96.3507,1
6,21,G4_AIR,0.647238,0.00336379,0.00888883,0.00409614,-96.3507,-95.9685,1
6,21,G4_AIR,0.539487,0.00409614,0.00409614,0,-95.9685,-95.7576,0
6,28,G4_AIR,0.0963104,0.00142891,0.00142891,0,-95.9685,-95.9816,0
6,20,G4_AIR,0.0948026,0.00141402,0.00141402,0,5.82064,5.7905,0
6,19,G4_AIR,0.0680514,0.00113046,0.00113046,0,20.4479,20.4284,0
6,18,G4_AIR,2.5875,0.00327482,0.0150609,0.011786,288.351,286.771,1
6,18,G4_AIR,2.09869,0.00438999,0.011786,0.00739604,286.771,286.97,1
6,18,G4_AIR,0.689352,0.00291689,0.00739604,0.00254378,286.97,286.902,1
6,18,G4_AIR,0.238784,0.00254378,0.00254378,0,286.902,286.887,0
6,29,G4_AIR,0.153654,0.00193537,0.00193537,0,286.902,286.941,0
6,17,G4_AIR,0.417098,0.00353273,0.00353273,0,340.878,340.782,0
6,16,G4_AIR,7.50586,0.00644068,0.0372403,0.0307996,360.158,354.513,1
6,16,G4_AIR,5.75404,0.00505981,0.0307996,0.0237683,354.513,350.73,1
6,16,G4_AIR,0.257076,0.000312387,0.0237683,0.0222416,350.73,350.758,1
6,16,G4_AIR,3.8398,0.00491996,0.0222416,0.0173217,350.758,350.769,1
6,16,G4_AIR,2.94974,0.00326221,0.0173217,0.0140595,350.769,350.234,1
6,16,G4_AIR,0.83761,0.00107607,0.0140595,0.0116975,350.234,350.582,1
6,16,G4_AIR,2.08574,0.00371955,0.0116975,0.00797797,350.582,351.526,1
6,16,G4_AIR,1.50266,0.00565742,0.00797797,0.00232056,351.526,352.149,1
6,16,G4_AIR,0.205414,0.00232056,0.00232056,0,352.149,352.192,0
6,32,G4_AIR,0.0822451,0.00128587,0.00128587,0,350.582,350.577,0
6,31,G4_AIR,0.0755645,0.00121431,0.00121431,0,350.758,350.785,0
6,30,G4_AIR,0.158202,0.00197148,0.00197148,0,350.73,350.669,0
6,15,G4_AIR,0.842541,0.00527595,0.00527595,0,374.77,374.495,0
6,14,G4_AIR,0.46326,0.00375311,0.00375311,0,394.595,394.658,0
6,13,G4_AIR,0.0567636,0.000996368,0.000996368,0,619.376,619.36,0
6,12,G4_AIR,0.0937214,0.00140328,0.00140328,0,810.303,810.273,0
6,11,G4_AIR,0.179116,0.00213158,0.00213158,0,845.297,845.271,0
6,10,G4_AIR,0.0740751,0.00119798,0.00119798,0,1017.34,1017.32,0
6,9,G4_AIR,0.645264,0.0045369,0.0045369,0,1168.36,1168.22,0
6,8,G4_AIR,0.0729162,0.00118518,0.00118518,0,1209.79,1209.77,0
6,7,G4_AIR,0.106591,0.00152793,0.00152793,0,1274.81,1274.79,0
6,6,G4_AIR,0.0605689,0.0010428,0.0010428,0,1298.84,1298.86,0
6,5,G4_AIR,0.119861,0.00164982,0.00164982,0,1338.16,1338.2,0
6,4,G4_AIR,0.0747325,0.00120521,0.00120521,0,1452.77,1452.79,0
6,3,G4_AIR,0.118446,0.00163711,0.00163711,0,1474.52,1474.53,0
6,2,G4_AIR,0.131658,0.00175322,0.00175322,0,1475.13,1475.17,0
7,1,G4_AIR,63.5132,0.00920334,1047.94,1047.93,1500,1484.09,1
7,1,G4_AIR,269.356,0.0350995,1047.93,1047.89,1484.09,1416.62,1
7,1,G4_AIR,114.346,0.0175065,1047.89,1047.87,1416.62,1387.93,1
7,1,G4_AIR,22.525,0.0026998,1047.87,1047.87,1387.93,1382.28,1
7,1,G4_AIR,117.633,0.0175181,1047.87,1047.85,1382.28,1352.78,1
7,1,G4_AIR,105.421,0.0129039,1047.85,1047.83,1352.78,1326.33,1
7,1,G4_AIR,27.4159,0.00507907,1047.83,1047.82,1326.33,1319.46,1
7,1,G4_AIR,88.5147,0.0115721,1047.82,1047.81,1319.46,1297.26,1
7,1,G4_AIR,143.215,0.0178553,1047.81,1047.79,1297.26,1261.34,1
7,1,G4_AIR,246.042,0.0435938,1047.79,1047.75,1261.34,1199.92,1
7,1,G4_AIR,70.275,0.0107066,1047.75,1047.73,1199.92,1182.42,1
7,1,G4_AIR,288.516,0.0418505,1047.73,1047.69,1182.42,1110.58,1
7,1,G4_AIR,7.99852,0.00142908,1047.69,1047.69,1110.58,1108.59,1
7,1,G4_AIR,24.7798,0.00457452,1047.69,1047.68,1108.59,1102.41,1
7,1,G4_AIR,14.8999,0.00229213,1047.68,1047.68,1102.41,1098.69,1
7,1,G4_AIR,1.78023,0,1047.68,1047.68,1098.69,1098.25,1
7,1,G4_AIR,9.11597,0.00116676,1047.68,1047.67,1098.25,1095.98,1
7,1,G4_AIR,227.842,0.0299935,1047.67,1047.64,1095.98,1039.12,1
7,1,G4_AIR,248.124,0.0330788,1047.64,1047.61,1039.12,977.141,1
7,1,G4_AIR,46.6537,0.00401245,1047.61,1047.6,977.141,965.49,1
7,1,G4_AIR,186.069,0.0257261,1047.6,1047.58,965.49,918.981,1
7,1,G4_AIR,179.087,0.027243,1047.58,1047.54,918.981,874.233,1
7,1,G4_AIR,234.004,0.0387484,1047.54,1047.45,874.233,815.743,1
7,1,G4_AIR,10.2291,0.00146808,1047.45,1047.45,815.743,813.184,1
7,1,G4_AIR,9.28034,0.000978743,1047.45,1047.44,813.184,810.863,1
7,1,G4_AIR,213.293,0.0294504,1047.44,1047.41,810.863,757.514,1
7,1,G4_AIR,254.815,0.0389491,1047.41,1047.37,757.514,693.733,1
7,1,G4_AIR,55.7228,0.00840924,1047.37,1047.36,693.733,679.785,1
7,1,G4_AIR,21.1907,0.00220729,1047.36,1047.35,679.785,674.482,1
7,1,G4_AIR,32.9413,0.00547939,1047.35,1047.35,674.482,666.238,0
7,29,G4_AIR,0.166101,0.00203306,0.00203306,0,674.482,674.42,0
7,28,G4_AIR,0.550575,0.00414412,0.00414412,0,679.785,679.609,0
7,27,G4_AIR,0.103768,0.00150117,0.00150117,0,693.733,693.729,0
7,26,G4_AIR,0.13574,0.00178802,0.00178802,0,757.514,757.517,0
7,25,G4_AIR,0.161133,0.0019945,0.0019945,0,810.863,810.846,0
7,24,G4_AIR,0.0876162,0.00134163,0.00134163,0,813.184,813.177,0
7,23,G4_AIR,10.3505,0.00387021,0.0519952,0.04542,815.743,820.178,1
7,23,G4_AIR,1.15335,0.000600712,0.04542,0.0435525,820.178,820.47,1
7,23,G4_AIR,7.85218,0.00413453,0.0435525,0.0380014,820.47,821.629,1
7,23,G4_AIR,4.02203,0.00158007,0.0380014,0.0352159,821.629,822.931,1
7,23,G4_AIR,6.9277,0.00387181,0.0352159,0.0313441,822.931,824.24,1
7,23,G4_AIR,5.89342,0.00502127,0.0313441,0.0263228,824.24,822.835,1
7,23,G4_AIR,4.69446,0.00499639,0.0263228,0.0213264,822.835,822.878,1
7,23,G4_AIR,3.66285,0.00287232,0.0213264,0.0184541,822.878,821.583,1
7,23,G4_AIR,0.640216,0.000522809,0.0184541,0.0157425,821.583,821.001,1
7,23,G4_AIR,0.364082,0.000934474,0.0157425,0.014808,821.001,820.769,1
7,23,G4_AIR,2.54852,0.00518975,0.014808,0.00961825,820.769,819.583,1
7,23,G4_AIR,1.77572,0.00374515,0.00961825,0.0058731,819.583,818.82,1
7,23,G4_AIR,1.01987,0.00445157,0.0058731,0.00142153,818.82,818.544,1
7,23,G4_AIR,0.0955612,0.00142153,0.00142153,0,818.544,818.52,0
7,34,G4_AIR,0.186894,0.0021888,0.0021888,0,821.001,820.97,0
7,33,G4_AIR,0.0747576,0.00120548,0.00120548,0,822.931,822.905,0
7,32,G4_AIR,0.0950589,0.00141656,0.00141656,0,821.629,821.662,0
7,31,G4_AIR,0.0804434,0.00126683,0.00126683,0,820.47,820.478,0
7,30,G4_AIR,0.26447,0.00270497,0.00270497,0,820.178,820.102,0
7,22,G4_AIR,1.51712,0.00432651,0.00805753,0.00373102,874.233,873.487,1
7,22,G4_AIR,0.458533,0.00373102,0.00373102,0,873.487,873.367,0
7,21,G4_AIR,0.135614,0.00178696,0.00178696,0,918.981,918.958,0
7,20,G4_AIR,0.0814542,0.00127753,0.00127753,0,965.49,965.515,0
7,19,G4_AIR,0.0563578,0.000991334,0.000991334,0,977.141,977.121,0
7,18,G4_AIR,0.107493,0.00153642,0.00153642,0,1039.12,1039.08,0
7,17,G4_AIR,0.0875842,0.0013413,0.0013413,0,1095.98,1095.95,0
7,16,G4_AIR,0.272657,0.00275463,0.00275463,0,1098.25,1098.33,0
7,15,G4_AIR,0.102782,0.00149175,0.00149175,0,1098.69,1098.72,0
7,14,G4_AIR,0.0939159,0.00140522,0.00140522,0,1102.41,1102.45,0
7,13,G4_AIR,0.0748173,0.00120613,0.00120613,0,1108.59,1108.61,0
7,12,G4_AIR,0.133462,0.00176866,0.00176866,0,1110.58,1110.57,0
7,11,G4_AIR,0.316345,0.00300769,0.00300769,0,1199.92,1199.99,0
7,10,G4_AIR,0.0567725,0.000996478,0.000996478,0,1261.34,1261.36,0
7,9,G4_AIR,0.129593,0.00173543,0.00173543,0,1297.26,1297.25,0
7,8,G4_AIR,0.133122,0.00176575,0.00176575,0,1319.46,1319.42,0
7,7,G4_AIR,0.555378,0.00416477,0.00416477,0,1326.33,1326.22,0
7,6,G4_AIR,0.1241,0.00168747,0.00168747,0,1352.78,1352.77,0
7,5,G4_AIR,0.0679819,0.00112967,0.00112967,0,1382.28,1382.27,0
7,4,G4_AIR,0.151769,0.00192025,0.00192025,0,1387.93,1387.91,0
7,3,G4_AIR,0.112876,0.00158644,0.00158644,0,1416.62,1416.65,0
7,2,G4_AIR,0.0677616,0.00112715,0.00112715,0,1484.09,1484.1,0
8,1,G4_AIR,30.3765,0.00397487,1542.62,1542.61,1500,1494.06,1
8,1,G4_AIR,57.8476,0.00907148,1542.61,1542.6,1494.06,1482.76,1
8,1,G4_AIR,89.7241,0.0155492,1542.6,1542.59,1482.76,1465.23,1
8,1,G4_AIR,373.108,0.0617048,1542.59,1542.52,1465.23,1392.37,1
8,1,G4_AIR,139.539,0.0254835,1542.52,1542.49,1392.37,1365.08,1
8,1,G4_AIR,1.85714,0.00163093,1542.49,1542.48,1365.08,1364.71,1
8,1,G4_AIR,207.108,0.0271624,1542.48,1542.46,1364.71,1324.16,1
8,1,G4_AIR,98.9074,0.0143592,1542.46,1542.44,1324.16,1304.8,1
8,1,G4_AIR,374.012,0.0561842,1542.44,1542.38,1304.8,1231.65,1
8,1,G4_AIR,123.523,0.016738,1542.38,1542.36,1231.65,1207.47,1
8,1,G4_AIR,6.7723,0.000149319,1542.36,1542.36,1207.47,1206.15,1
8,1,G4_AIR,325.295,0.0445098,1542.36,1542.3,1206.15,1142.43,1
8,1,G4_AIR,70.0824,0.0107436,1542.3,1542.29,1142.43,1128.72,1
8,1,G4_AIR,156.916,0.021787,1542.29,1542.27,1128.72,1098.01,1
8,1,G4_AIR,56.0171,0.0073778,1542.27,1542.26,1098.01,1087.04,1
8,1,G4_AIR,105.568,0.0159136,1542.26,1542.24,1087.04,1066.38,1
8,1,G4_AIR,93.158,0.0148792,1542.24,1542.22,1066.38,1048.13,1
8,1,G4_AIR,109.899,0.0134867,1542.22,1542.09,1048.13,1026.62,1
8,1,G4_AIR,139.326,0.0212131,1542.09,1542.07,1026.62,999.328,0
8,19,G4_AIR,24.2109,0.00752025,0.120359,0.111205,1026.62,1015.04,1
8,19,G4_AIR,43.5487,0.0159308,0.111205,0.0952741,1015.04,1002.72,1
8,19,G4_AIR,33.6268,0.0121137,0.0952741,0.0831604,1002.72,995.266,1
8,19,G4_AIR,0.51908,0.000306833,0.0831604,0.0802516,995.266,995.202,1
8,19,G4_AIR,25.26,0.0116242,0.0802516,0.0686275,995.202,995.037,1
8,19,G4_AIR,2.93636,0.000696267,0.0686275,0.0663057,995.037,996.417,1
8,19,G4_AIR,0.853526,0.000892118,0.0663057,0.0634388,996.417,996.775,1
8,19,G4_AIR,17.1514,0.00780969,0.0634388,0.0556291,996.775,1000.4,1
8,19,G4_AIR,9.29754,0.00300844,0.0556291,0.0510352,1000.4,998.328,1
8,19,G4_AIR,12.1016,0.00496222,0.0510352,0.046073,998.328,1001.93,1
8,19,G4_AIR,8.2846,0.00433248,0.046073,0.0346827,1001.93,1005.11,1
8,19,G4_AIR,6.77968,0.00468885,0.0346827,0.0299939,1005.11,1006.65,1
8,19,G4_AIR,5.55511,0.00786739,0.0299939,0.0221265,1006.65,1009.15,1
8,19,G4_AIR,3.81725,0.00505201,0.0221265,0.0170745,1009.15,1010.57,1
8,19,G4_AIR,2.90883,0.00664129,0.0170745,0.0104332,1010.57,1011.78,1
8,19,G4_AIR,1.89945,0.00483508,0.0104332,0.0055981,1011.78,1011.53,1
8,19,G4_AIR,0.936368,0.0055981,0.0055981,0,1011.53,1011.23,0
8,25,G4_AIR,1.32036,0.00524647,0.00705783,0.00181136,1005.11,1004.53,1
8,25,G4_AIR,0.138509,0.00181136,0.00181136,0,1004.53,1004.57,0
8,24,G4_AIR,0.112761,0.00158538,0.00158538,0,998.328,998.359,0
8,23,G4_AIR,0.158626,0.00197483,0.00197483,0,996.775,996.832,0
8,22,G4_AIR,0.117158,0.00162548,0.00162548,0,996.417,996.415,0
8,21,G4_AIR,0.247899,0.00260196,0.00260196,0,995.202,995.113,0
8,20,G4_AIR,0.118077,0.00163379,0.00163379,0,1015.04,1015,0
8,18,G4_AIR,0.0857277,0.00132219,0.00132219,0,1048.13,1048.1,0
8,17,G4_AIR,0.45661,0.003722,0.003722,0,1066.38,1066.26,0
8,16,G4_AIR,0.0751074,0.00120931,0.00120931,0,1087.04,1087.04,0
8,15,G4_AIR,0.502655,0.00393337,0.00393337,0,1098.01,1097.89,0
8,14,G4_AIR,0.160829,0.00199212,0.00199212,0,1128.72,1128.65,0
8,13,G4_AIR,1.27634,0.00584419,0.00685916,0.00101498,1142.43,1142.57,1
8,13,G4_AIR,0.0582754,0.00101498,0.00101498,0,1142.57,1142.57,0
8,12,G4_AIR,0.129996,0.00173891,0.00173891,0,1206.15,1206.11,0
8,11,G4_AIR,0.0788003,0.0012493,0.0012493,0,1207.47,1207.5,0
8,10,G4_AIR,1.07381,0.00605773,0.00605773,0,1231.65,1232.02,0
8,9,G4_AIR,0.242769,0.00362941,0.00362941,0,1304.8,1304.66,0
8,8,G4_AIR,0.0881664,0.00134726,0.00134726,0,1324.16,1324.15,0
8,7,G4_AIR,0.292471,0.00287175,0.00287175,0,1364.71,1364.66,0
8,6,G4_AIR,1.08277,0.00608952,0.00608952,0,1365.08,1365.52,0
8,5,G4_AIR,0.522864,0.00402333,0.00402333,0,1392.37,1392.58,0
8,4,G4_AIR,0.160017,0.00198576,0.00198576,0,1465.23,1465.21,0
8,3,G4_AIR,0.0695688,0.00114771,0.00114771,0,1482.76,1482.77,0
8,2,G4_AIR,0.0681109,0.00113114,0.00113114,0,1494.06,1494.08,0
9,1,G4_AIR,60.165,0.00840326,1020.5,1020.49,1500,1449.98,1
9,1,G4_AIR,335.85,0.0470737,1020.49,1020.44,1449.98,1170.77,1
9,1,G4_AIR,177.437,0.0224315,1020.44,1020.41,1170.77,1023.28,1
9,1,G4_AIR,74.6007,0.0115414,1020.41,1020.4,1023.28,961.265,1
9,1,G4_AIR,16.2803,0.00221497,1020.4,1020.39,961.265,947.732,1
9,1,G4_AIR,6.05939,0.00161228,1020.39,1020.39,947.732,942.695,1
9,1,G4_AIR,268.32,0.0392863,1020.39,1020.35,942.695,719.654,1
9,1,G4_AIR,30.6999,0.00647689,1020.35,1020.34,719.654,694.13,1
9,1,G4_AIR,172.181,0.0267815,1020.34,1020.31,694.13,550.987,1
9,1,G4_AIR,125.055,0.0180807,1020.31,1020.29,550.987,447.029,1
9,1,G4_AIR,92.3017,0.0119988,1020.29,1020.27,447.029,370.298,1
9,1,G4_AIR,0.505183,6.03735e-05,1020.27,1020.27,370.298,369.878,1
9,1,G4_AIR,138.665,0.0224694,1020.27,1020.25,369.878,254.608,1
9,1,G4_AIR,82.1246,0.0132293,1020.25,1020.23,254.608,186.338,1
9,1,G4_AIR,4.04505,0.000639596,1020.23,1020.23,186.338,182.975,1
9,1,G4_AIR,70.2737,0.0111885,1020.23,1020.22,182.975,124.557,1
9,1,G4_AIR,8.98284,0.000949509,1020.22,1020.22,124.557,117.09,1
9,1,G4_AIR,120.308,0.0138174,1020.22,1020.2,117.09,17.0849,1
9,1,G4_AIR,10.0189,0.00136339,1020.2,1020.2,17.0849,8.75701,1
9,1,G4_AIR,6.06153,0.00241466,1020.2,1020.2,8.75701,3.71855,1
9,1,G4_AIR,80.1712,0.0124875,1020.2,1020.18,3.71855,-62.9207,1
9,1,G4_AIR,44.4638,0.00490815,1020.18,1020.16,-62.9207,-99.8798,1
9,1,G4_AIR,253.118,0.0370744,1020.16,1020.12,-99.8798,-310.284,1
9,1,G4_AIR,163.056,0.0262918,1020.12,1020.09,-310.284,-445.822,1
9,1,G4_AIR,109.465,0.0157691,1020.09,1020.08,-445.822,-536.804,1
9,1,G4_AIR,88.2453,0.012525,1020.08,1020.06,-536.804,-610.144,1
9,1,G4_AIR,93.6516,0.0101264,1020.06,1020.05,-610.144,-687.972,1
9,1,G4_AIR,11.3952,0.00114838,1020.05,1020.04,-687.972,-697.441,1
9,1,G4_AIR,99.1362,0.0153387,1020.04,1020.03,-697.441,-779.828,1
9,1,G4_AIR,27.241,0.00768315,1020.03,1020.02,-779.828,-802.467,1
9,1,G4_AIR,77.9673,0.0117748,1020.02,1020,-802.467,-867.264,1
9,1,G4_AIR,33,0.00263682,1020,1020,-867.264,-894.686,1
9,1,G4_AIR,152.941,0.024347,1020,1019.97,-894.686,-1021.77,1
9,1,G4_AIR,126.003,0.0199534,1019.97,1019.95,-1021.77,-1126.48,1
9,1,G4_AIR,46.3492,0.00976128,1019.95,1019.94,-1126.48,-1165,1
9,1,G4_AIR,69.7119,0.0103468,1019.94,1019.86,-1165,-1222.92,1
9,1,G4_AIR,97.2941,0.0144613,1019.86,1019.85,-1222.92,-1303.77,1
9,1,G4_AIR,387.2,0.0588226,1019.85,1019.78,-1303.77,-1625.5,1
9,1,G4_AIR,146.564,0.0210261,1019.78,1019.76,-1625.5,-1747.26,1
9,1,G4_AIR,379.36,0.0517423,1019.76,1019.7,-1747.26,-2062.44,1
9,1,G4_AIR,4.26017,0.000379701,1019.7,1019.7,-2062.44,-2065.98,1
9,1,G4_AIR,17.4818,0.00130275,1019.7,1019.7,-2065.98,-2080.5,1
9,1,G4_AIR,38.9877,0.0061695,1019.7,1019.69,-2080.5,-2112.9,1
9,1,G4_AIR,16.2119,0.00145801,1019.69,1019.69,-2112.9,-2126.38,1
9,1,G4_AIR,143.341,0.019575,1019.69,1019.67,-2126.38,-2245.5,0
9,45,G4_AIR,0.211973,0.0023658,0.0023658,0,-2126.38,-2126.35,0
9,44,G4_AIR,0.0657698,0.0011042,0.0011042,0,-2112.9,-2112.9,0
9,43,G4_AIR,0.0704263,0.00115738,0.00115738,0,-2080.5,-2080.51,0
9,42,G4_AIR,0.155273,0.00194828,0.00194828,0,-2065.98,-2066,0
9,41,G4_AIR,0.20175,0.00229497,0.00229497,0,-2062.44,-2062.4,0
9,40,G4_AIR,0.196117,0.00225518,0.00225518,0,-1747.26,-1747.22,0
9,39,G4_AIR,1.42158,0.00304133,0.00754941,0.00450809,-1625.5,-1625.67,1
9,39,G4_AIR,0.638081,0.00450809,0.00450809,0,-1625.67,-1625.78,0
9,38,G4_AIR,0.29492,0.00288595,0.00288595,0,-1303.77,-1303.84,0
9,37,G4_AIR,14.9364,0.00843336,0.0648501,0.0552391,-1222.92,-1218.9,1
9,37,G4_AIR,13.7196,0.00512072,0.0552391,0.0501184,-1218.9,-1210.46,1
9,37,G4_AIR,3.02306,0.000973106,0.0501184,0.0491453,-1210.46,-1209.98,1
9,37,G4_AIR,11.4064,0.00580913,0.0491453,0.0433361,-1209.98,-1208.73,1
9,37,G4_AIR,9.39801,0.00940824,0.0433361,0.0339279,-1208.73,-1208.84,1
9,37,G4_AIR,0.521205,0.000426553,0.0339279,0.0335013,-1208.84,-1208.74,1
9,37,G4_AIR,5.78382,0.0036149,0.0335013,0.0265554,-1208.74,-1207.78,1
9,37,G4_AIR,4.74642,0.00409412,0.0265554,0.0224613,-1207.78,-1209.22,1
9,37,G4_AIR,1.4831,0.00249279,0.0224613,0.0183985,-1209.22,-1210.19,1
9,37,G4_AIR,2.16065,0.00133981,0.0183985,0.0151265,-1210.19,-1211.63,1
9,37,G4_AIR,2.59766,0.00458934,0.0151265,0.0105371,-1211.63,-1213.19,1
9,37,G4_AIR,0.221262,0.00055393,0.0105371,0.00892231,-1213.19,-1213.34,1
9,37,G4_AIR,1.6652,0.00515978,0.00892231,0.00376253,-1213.34,-1214.16,1
9,37,G4_AIR,0.193856,0.00102483,0.00376253,0.00273771,-1214.16,-1214.25,1
9,37,G4_AIR,0.269853,0.00273771,0.00273771,0,-1214.25,-1214.18,0
9,50,G4_AIR,0.0620809,0.00106089,0.00106089,0,-1213.34,-1213.34,0
9,49,G4_AIR,0.153264,0.00193224,0.00193224,0,-1211.63,-1211.65,0
9,48,G4_AIR,0.111092,0.00156998,0.00156998,0,-1210.19,-1210.16,0
9,47,G4_AIR,0.376821,0.00333102,0.00333102,0,-1207.78,-1207.7,0
9,46,G4_AIR,0.0722401,0.00117768,0.00117768,0,-1218.9,-1218.92,0
9,36,G4_AIR,0.32843,0.00307456,0.00307456,0,-1165,-1165.05,0
9,35,G4_AIR,0.362992,0.00325944,0.00325944,0,-1126.48,-1126.57,0
9,34,G4_AIR,0.077071,0.00123067,0.00123067,0,-1021.77,-1021.76,0
9,33,G4_AIR,0.096315,0.00142896,0.00142896,0,-894.686,-894.676,0
9,32,G4_AIR,0.102093,0.00148513,0.00148513,0,-867.264,-867.283,0
9,31,G4_AIR,0.0564278,0.000992204,0.000992204,0,-802.467,-802.479,0
9,30,G4_AIR,0.104376,0.00150696,0.00150696,0,-779.828,-779.809,0
9,29,G4_AIR,0.66536,0.00461669,0.00461669,0,-697.441,-697.308,0
9,28,G4_AIR,0.746786,0.00492891,0.00492891,0,-687.972,-688.134,0
9,27,G4_AIR,0.0681677,0.00113179,0.00113179,0,-610.144,-610.139,0
9,26,G4_AIR,0.0872121,0.00133749,0.00133749,0,-536.804,-536.802,0
9,25,G4_AIR,0.196401,0.0022572,0.0022572,0,-445.822,-445.87,0
9,24,G4_AIR,0.0709185,0.00116291,0.00116291,0,-310.284,-310.299,0
9,23,G4_AIR,2.43845,0.00285231,0.0140846,0.0112323,-99.8798,-99.3078,1
9,23,G4_AIR,0.759235,0.00146959,0.0112323,0.00829578,-99.3078,-99.0708,1
9,23,G4_AIR,1.55947,0.00829578,0.00829578,0,-99.0708,-98.8285,0
9,51,G4_AIR,0.100201,0.0014669,0.0014669,0,-99.0708,-99.0688,0
9,22,G4_AIR,0.266558,0.00271771,0.00271771,0,-62.9207,-62.9152,0
9,21,G4_AIR,0.0684155,0.00113461,0.00113461,0,3.71855,3.71545,0
9,20,G4_AIR,0.0898971,0.00136487,0.00136487,0,8.75701,8.77115,0
9,19,G4_AIR,0.166323,0.00203477,0.00203477,0,17.0849,17.0527,0
9,18,G4_AIR,0.10512,0.00151403,0.00151403,0,117.09,117.11,0
9,17,G4_AIR,0.115196,0.00160768,0.00160768,0,124.557,124.562,0
9,16,G4_AIR,0.0628717,0.00107027,0.00107027,0,182.975,182.988,0
9,15,G4_AIR,0.0701078,0.00115379,0.00115379,0,186.338,186.35,0
9,14,G4_AIR,0.0881097,0.00134668,0.00134668,0,254.608,254.596,0
9,13,G4_AIR,0.0815042,0.00127806,0.00127806,0,369.878,369.877,0
9,12,G4_AIR,0.678169,0.00466696,0.00466696,0,370.298,370.307,0
9,11,G4_AIR,0.270289,0.00274035,0.00274035,0,447.029,447.005,0
9,10,G4_AIR,0.146066,0.00187398,0.00187398,0,550.987,550.995,0
9,9,G4_AIR,0.283767,0.00282081,0.00282081,0,694.13,694.15,0
9,8,G4_AIR,0.119136,0.00164331,0.00164331,0,719.654,719.646,0
9,7,G4_AIR,0.153258,0.00193219,0.00193219,0,942.695,942.661,0
9,6,G4_AIR,0.136493,0.00179439,0.00179439,0,947.732,947.746,0
9,5,G4_AIR,0.671875,0.00464232,0.00464232,0,961.265,961.189,0
9,4,G4_AIR,0.100346,0.00146829,0.00146829,0,1023.28,1023.26,0
9,3,G4_AIR,0.0601236,0.00103744,0.00103744,0,1170.77,1170.77,0
9,2,G4_AIR,0.834429,0.00524731,0.00524731,0,1449.98,1449.97,0
